SeoMediaProcessingHistory.php	addons/media/src/Models/SeoMediaProcessingHistory.php
AutomationConditionEngine.php	addons/agent/src/Automation/BusinessHook/Support/AutomationConditionEngine.php
SeoAuditAgentReadService.php	addons/seo/src/Services/SeoAudit/Agent/SeoAuditAgentReadService.php
RecoverContentProjectStaleGenerationCommand.php	addons/content-projects/src/Console/RecoverContentProjectStaleGenerationCommand.php
ContentProjectItemStateResolver.php	addons/content-projects/src/Support/ContentProject/ContentProjectItemStateResolver.php
WordPressAttachmentRenameService.php	addons/wordpress/src/Services/WordPressAttachmentRenameService.php
WorkflowAssignmentValidator.php	addons/content-projects/src/Services/WorkflowRoles/WorkflowAssignmentValidator.php
SeoQueueContext.php	addons/content-projects/src/Support/SeoQueueContext.php
SeoSettingsKeywords.php	addons/search-intelligence/src/Filament/Pages/SeoSettingsKeywords.php
ContentProjectLegacyExecutionHydrateService.php	addons/content-projects/src/Services/ContentProject/ContentProjectLegacyExecutionHydrateService.php
RejectSerpClusterEvidenceHandler.php	addons/search-intelligence/src/Services/SerpIntelligence/Application/Handlers/RejectSerpClusterEvidenceHandler.php
AgentV1ReadinessService.php	addons/agent/src/Services/AgentWorkspace/V1/AgentV1ReadinessService.php
ApproveSerpClusterEvidenceCommand.php	addons/search-intelligence/src/Services/SerpIntelligence/Application/Commands/ApproveSerpClusterEvidenceCommand.php
EditExtendedProviderApiConnection.php	addons/ai-prompt/src/Filament/Resources/AiConnectionResource/Pages/EditExtendedProviderApiConnection.php
DiagnoseContentProjectCommand.php	addons/content-projects/src/Console/DiagnoseContentProjectCommand.php
ContentProjectArticleSemanticStatus.php	addons/content-projects/src/Enums/ContentProjectArticleSemanticStatus.php
MarkdownSectionsParseResult.php	addons/ai-prompt/src/PromptHooks/Output/MarkdownSectionsParseResult.php
DataForSeoConnectionService.php	addons/search-intelligence/src/Services/DataForSeoConnectionService.php
WorkflowExecutionState.php	addons/content-projects/src/Support/WorkflowExecutionState.php
KeywordClusterValidator.php	addons/search-intelligence/src/Services/KeywordIntelligence/KeywordClusterValidator.php
ArticleOutlineResolver.php	addons/content/src/Services/ArticleOutlineResolver.php
PromptHookInputResolver.php	addons/ai-prompt/src/PromptHooks/PromptHookInputResolver.php
SeoTextTranslateToolService.php	addons/seo/src/Services/SeoTextTranslateToolService.php
SeoArticleProfile.php	addons/seo/src/Models/SeoArticleProfile.php
AgentPlanValidator.php	addons/agent/src/Services/AgentWorkspace/Planning/Contracts/AgentPlanValidator.php
SiteSyncFeatureFlags.php	addons/site-sync/src/Services/Orchestration/SiteSyncFeatureFlags.php
ContentProjectActionCodes.php	addons/content-projects/src/Services/ContentProject/Application/ContentProjectActionCodes.php
PublishingQueueItemActionsPresenter.php	addons/publishing/src/Support/PublishingQueue/PublishingQueueItemActionsPresenter.php
Dashboard.php	addons/search-foundation/src/Filament/Pages/Dashboard.php
ArticleResource.php	addons/content/src/Filament/Resources/ArticleResource.php
SeoFaqPersistenceService.php	addons/content/src/Services/SeoFaqPersistenceService.php
GeneralSkills.php	addons/agent/src/Services/AgentWorkspace/Skills/GeneralSkills.php
AgentKnowledgeQuery.php	addons/agent/src/Services/AgentWorkspace/Knowledge/Data/AgentKnowledgeQuery.php
ArticleFeaturedImageStatus.php	addons/content/src/Support/ArticleFeaturedImageStatus.php
PromptLoaiSanPhamOptionsService.php	addons/ai-prompt/src/Services/PromptLoaiSanPhamOptionsService.php
WorkflowDoctorService.php	addons/content-projects/src/Services/WorkflowRoles/WorkflowDoctorService.php
EditGscApiConnection.php	addons/ai-prompt/src/Filament/Resources/AiConnectionResource/Pages/EditGscApiConnection.php
SeoAgentMetricEvent.php	addons/agent/src/Models/AgentWorkspace/SeoAgentMetricEvent.php
ArticleWordPressBusinessSequence.php	addons/wordpress/src/Services/ArticleWordPressBusinessSequence.php
SeoProjectTaskCanonicalCandidateResolver.php	addons/content-projects/src/Support/SeoProjectTaskCanonicalCandidateResolver.php
MoveKeywordsToClusterCommand.php	addons/search-intelligence/src/Services/KeywordIntelligence/Application/Commands/MoveKeywordsToClusterCommand.php
AutomationSeedRulesCommand.php	addons/agent/src/Console/AutomationSeedRulesCommand.php
ArticleWritingExecutionService.php	addons/content/src/Services/ArticleWritingExecutionService.php
SettingsPromptBindingResolver.php	addons/ai-prompt/src/Services/PromptOwnership/SettingsPromptBindingResolver.php
DetachClusterFromTopicCommand.php	addons/search-intelligence/src/Services/KeywordIntelligence/Application/Commands/DetachClusterFromTopicCommand.php
AgentPackCapabilityBinder.php	addons/agent/src/Services/AgentWorkspace/Packs/AgentPackCapabilityBinder.php
SeoRankKeywordGroup.php	addons/search-intelligence/src/Models/SeoRankKeywordGroup.php
KeywordImportService.php	addons/search-intelligence/src/Services/KeywordIntelligence/KeywordImportService.php
AutomationRunRuleCommand.php	addons/content-projects/src/Console/AutomationRunRuleCommand.php
KeywordReviewReasonService.php	addons/search-intelligence/src/Services/KeywordReviewReasonService.php
AutomationListEventsCommand.php	addons/agent/src/Console/AutomationListEventsCommand.php
SeoPanelLogoutController.php	addons/seo/src/Http/Controllers/SeoPanelLogoutController.php
UpdateContentProjectItemCommand.php	addons/content-projects/src/Services/ContentProject/Application/Commands/UpdateContentProjectItemCommand.php
ReadResultPresenter.php	addons/agent/src/Services/AgentWorkspace/Execution/Presentation/ReadResultPresenter.php
UnconfiguredPromptProviderAdapter.php	addons/ai-prompt/src/PromptHooks/Provider/UnconfiguredPromptProviderAdapter.php
KeywordClusterService.php	addons/search-intelligence/src/Services/KeywordIntelligence/KeywordClusterService.php
KeywordSuggestionPresenter.php	addons/agent/src/Services/AgentWorkspace/Execution/Presentation/KeywordSuggestionPresenter.php
AgentPackOrchestrator.php	addons/agent/src/Services/AgentWorkspace/Packs/AgentPackOrchestrator.php
BusinessEventBootstrap.php	addons/agent/src/Automation/BusinessHook/Registry/BusinessEventBootstrap.php
ContentProjectGenerationRequested.php	addons/content-projects/src/Services/ContentProject/Application/Events/ContentProjectGenerationRequested.php
AgentKnowledgeCitation.php	addons/agent/src/Services/AgentWorkspace/Knowledge/Data/AgentKnowledgeCitation.php
ArticleWritingExecutionContext.php	addons/content/src/Support/ArticleWritingExecutionContext.php
CanonicalIds.php	addons/agent/src/Automation/Support/CanonicalIds.php
ArticleProductReviewStatusController.php	addons/commerce/src/Http/Controllers/ArticleProductReviewStatusController.php
TopicalMapBuildResult.php	addons/search-intelligence/src/Services/KeywordIntelligence/Dto/TopicalMapBuildResult.php
AnalyzeKeywordWorkspaceCommand.php	addons/search-intelligence/src/Services/KeywordIntelligence/Application/Commands/AnalyzeKeywordWorkspaceCommand.php
AgentPlanningInputSanitizer.php	addons/agent/src/Services/AgentWorkspace/Planning/Security/AgentPlanningInputSanitizer.php
AgentPackLoader.php	addons/agent/src/Services/AgentWorkspace/Packs/AgentPackLoader.php
SeoImageOptimizationSetting.php	addons/media/src/Models/SeoImageOptimizationSetting.php
ArticleListSeoSummary.php	addons/content/src/Support/ArticleListSeoSummary.php
CreateProjectTaskAction.php	addons/agent/src/Automation/Actions/Project/CreateProjectTaskAction.php
ContentProjectPublishAnalyticsService.php	addons/content-projects/src/Services/ContentProject/Operations/ContentProjectPublishAnalyticsService.php
AgentObservabilityPruneCommand.php	addons/content-projects/src/Console/AgentObservabilityPruneCommand.php
PromptHookOutputSchema.php	addons/ai-prompt/src/PromptHooks/Canonical/PromptHookOutputSchema.php
DetachClusterFromTopicHandler.php	addons/search-intelligence/src/Services/KeywordIntelligence/Application/Handlers/DetachClusterFromTopicHandler.php
BootstrapSiteSyncCommand.php	addons/site-sync/src/Services/Application/Commands/BootstrapSiteSyncCommand.php
ActionRunStatus.php	addons/agent/src/Automation/Enums/ActionRunStatus.php
SiteSyncCallbackVerifier.php	addons/site-sync/src/Services/Security/SiteSyncCallbackVerifier.php
AgentCliCommandParser.php	addons/agent/src/Services/AgentWorkspace/Cli/AgentCliCommandParser.php
EditSerpProviderApiConnection.php	addons/ai-prompt/src/Filament/Resources/AiConnectionResource/Pages/EditSerpProviderApiConnection.php
AgentAutomationDispatcher.php	addons/agent/src/Services/AgentWorkspace/Automation/Services/AgentAutomationDispatcher.php
GoogleSearchConsoleConnectionService.php	addons/search-intelligence/src/Services/GoogleSearchConsoleConnectionService.php
SeoProjectArchiveItem.php	addons/content-projects/src/Models/SeoProjectArchiveItem.php
ArticleFaqHtmlRenderer.php	addons/content/src/Services/ArticleFaqHtmlRenderer.php
PublisherRegistry.php	addons/publishing/src/Extension/Registry/PublisherRegistry.php
SeoPromptResult.php	addons/ai-prompt/src/Models/SeoPromptResult.php
SyncGscPerformanceDataCommand.php	addons/search-intelligence/src/Services/GscIntelligence/Application/Commands/SyncGscPerformanceDataCommand.php
PromptMediaPersistContext.php	addons/ai-prompt/src/Support/PromptMediaPersistContext.php
ArticleWritingLegacyRewriteAdapter.php	addons/content/src/Services/ArticleWritingLegacyRewriteAdapter.php
WordPressAttachmentMetaUpdateService.php	addons/wordpress/src/Services/WordPressAttachmentMetaUpdateService.php
EditDataForSeoApiConnection.php	addons/ai-prompt/src/Filament/Resources/AiConnectionResource/Pages/EditDataForSeoApiConnection.php
ContentProjectArticleRowStatusResolver.php	addons/content-projects/src/Services/ContentProjectArticleRowStatusResolver.php
GeminiGenerateContentClient.php	addons/ai-prompt/src/Services/Ai/GeminiGenerateContentClient.php
GscContentActionRecommendationService.php	addons/search-intelligence/src/Services/GscIntelligence/GscContentActionRecommendationService.php
SiteSyncComparisonExportService.php	addons/site-sync/src/Services/Comparison/SiteSyncComparisonExportService.php
GalleryExecutionWorkspaceCleaner.php	addons/content-projects/src/Services/ContentProject/Workspace/Cleaners/GalleryExecutionWorkspaceCleaner.php
SeoGscDailyMetric.php	addons/search-intelligence/src/Models/SeoGscDailyMetric.php
PromptPreviewSectionViewModel.php	addons/ai-prompt/src/Services/PromptOwnership/PromptPreviewSectionViewModel.php
MoveClusterPrimaryTopicHandler.php	addons/search-intelligence/src/Services/KeywordIntelligence/Application/Handlers/MoveClusterPrimaryTopicHandler.php
ExcludeKeywordsHandler.php	addons/search-intelligence/src/Services/KeywordIntelligence/Application/Handlers/ExcludeKeywordsHandler.php
TopicalCoverageService.php	addons/search-intelligence/src/Services/KeywordIntelligence/TopicalCoverageService.php
ListKeywords.php	addons/search-intelligence/src/Filament/Resources/KeywordResource/Pages/ListKeywords.php
SendToPublishingQueueHandler.php	addons/content-projects/src/Services/ContentProject/Application/Handlers/SendToPublishingQueueHandler.php
KeywordWorkspaceFour.php	addons/search-intelligence/src/Filament/Resources/KeywordResource/Pages/KeywordWorkspaceFour.php
RerunProjectItemsCommand.php	addons/content-projects/src/Services/ContentProject/Application/Commands/RerunProjectItemsCommand.php
ArchiveContentProjectService.php	addons/content-projects/src/Services/ArchiveContentProjectService.php
ArticleEditorPerfDebug.php	addons/content/src/Support/ArticleEditorPerfDebug.php
GscPropertyType.php	addons/search-intelligence/src/Enums/Gsc/GscPropertyType.php
ReviewTopicalMapCommand.php	addons/search-intelligence/src/Services/KeywordIntelligence/Application/Commands/ReviewTopicalMapCommand.php
ImportSeoDatabaseJob.php	addons/search-foundation/src/Jobs/ImportSeoDatabaseJob.php
ContentProjectGenerationRecoveryDecision.php	addons/content-projects/src/Services/ContentProject/ContentProjectGenerationRecoveryDecision.php
InstallDefaultImprovePromptCommand.php	addons/ai-prompt/src/Console/InstallDefaultImprovePromptCommand.php
ArticleWritingSourceType.php	addons/content/src/Enums/ArticleWritingSourceType.php
AutomationRuleEdge.php	addons/agent/src/Automation/BusinessHook/Models/AutomationRuleEdge.php
KeywordRankSnapshotWriter.php	addons/search-intelligence/src/Services/KeywordRankSnapshotWriter.php
SiteSyncBatchData.php	addons/site-sync/src/Services/Contracts/SiteSyncBatchData.php
GlobalAiChatService.php	addons/ai-prompt/src/Services/GlobalAiChatService.php
ContentPipelinesExtensionProvider.php	addons/agent/src/Extension/Builtin/ContentPipelines/ContentPipelinesExtensionProvider.php
PromptResultLinkService.php	addons/ai-prompt/src/Services/PromptResultLinkService.php
AgentModelRoutingContext.php	addons/agent/src/Services/AgentWorkspace/Planning/Data/AgentModelRoutingContext.php
RejectGscOpportunityHandler.php	addons/search-intelligence/src/Services/GscIntelligence/Application/Handlers/RejectGscOpportunityHandler.php
AgentIntentResolution.php	addons/agent/src/Services/AgentWorkspace/Dtos/AgentIntentResolution.php
GscIntelligenceReadService.php	addons/search-intelligence/src/Services/GscIntelligence/Agent/GscIntelligenceReadService.php;addons/search-intelligence/src/Services/GscIntelligence/Application/GscIntelligenceReadService.php
PublishingArticleStateWriter.php	addons/publishing/src/Services/PublishingArticleStateWriter.php
GeminiAiTextProvider.php	addons/ai-prompt/src/Extension/Builtin/AiProviders/GeminiAiTextProvider.php
AutomationListActionsCommand.php	addons/agent/src/Console/AutomationListActionsCommand.php
Utf8Sanitizer.php	addons/content/src/Support/Utf8Sanitizer.php
ArticleGenerationSourceResult.php	addons/content/src/Support/ArticleGenerationSourceResult.php
SeoPlannerPermissionMiddleware.php	addons/seo/src/Http/Middleware/SeoPlannerPermissionMiddleware.php
PromptHookDefinition.php	addons/ai-prompt/src/PromptHooks/Canonical/PromptHookDefinition.php;addons/ai-prompt/src/PromptHooks/Data/PromptHookDefinition.php
SeoPerformanceDashboardService.php	addons/search-intelligence/src/Services/SeoPerformanceDashboardService.php
WordPressPublisher.php	addons/wordpress/src/Extension/WordPressPublisher.php
SeoAgentMemoryProposal.php	addons/agent/src/Models/AgentWorkspace/SeoAgentMemoryProposal.php
ConditionOperatorDefinition.php	addons/agent/src/Automation/Platform/Data/ConditionOperatorDefinition.php
ArticleFeaturedSnippetGeneratorService.php	addons/content/src/Services/ArticleFeaturedSnippetGeneratorService.php
SeoTask.php	addons/ai-prompt/src/Models/SeoTask.php
PublishingQueuePublishedDefinition.php	addons/publishing/src/Support/PublishingQueue/PublishingQueuePublishedDefinition.php
GscPageNormalizationService.php	addons/search-intelligence/src/Services/GscIntelligence/GscPageNormalizationService.php
SeoTopicalMapVersion.php	addons/search-intelligence/src/Models/KeywordIntelligence/SeoTopicalMapVersion.php
InlineMarkBoundaryWhitespace.php	addons/content/src/Services/ArticleEditor/Document/InlineMarkBoundaryWhitespace.php
WorkflowCapability.php	addons/content-projects/src/Enums/WorkflowCapability.php
ArticleHeadingAiGenerateService.php	addons/content/src/Services/ArticleHeadingAiGenerateService.php
KeywordTopicType.php	addons/search-intelligence/src/Enums/KeywordIntelligence/KeywordTopicType.php
ArticleFeaturedImageSource.php	addons/content/src/Support/ArticleFeaturedImageSource.php
SeoKiTopic.php	addons/search-intelligence/src/Models/KeywordIntelligence/SeoKiTopic.php
AssignKeywordToProjectAction.php	addons/agent/src/Automation/Actions/Keyword/AssignKeywordToProjectAction.php
WordPressArticleSyncService.php	addons/wordpress/src/Services/WordPressArticleSyncService.php
PromptHookExplicitBindingExecutor.php	addons/ai-prompt/src/PromptHooks/Runtime/PromptHookExplicitBindingExecutor.php
SeoPromptSettingsService.php	addons/ai-prompt/src/Services/SeoPromptSettingsService.php
SelectExistingArticleForProjectItemHandler.php	addons/content-projects/src/Services/ContentProject/Application/Handlers/SelectExistingArticleForProjectItemHandler.php
AutomationWorkflowTestService.php	addons/agent/src/Automation/BusinessHook/Services/AutomationWorkflowTestService.php
AutomationRuleResource.php	addons/agent/src/Filament/Resources/AutomationRuleResource.php
SeoProjectTask.php	addons/content-projects/src/Models/SeoProjectTask.php
AgentChatTemplate.php	addons/agent/src/Services/AgentWorkspace/Dtos/AgentChatTemplate.php
SeoScoringStatus.php	addons/seo/src/Support/SeoScoringStatus.php
KeywordIntelligenceQuotaGuard.php	addons/search-intelligence/src/Services/KeywordIntelligence/Application/Quotas/KeywordIntelligenceQuotaGuard.php
AgentAutomationDefinitionValidator.php	addons/agent/src/Services/AgentWorkspace/Automation/Services/AgentAutomationDefinitionValidator.php
ContentProjectWorkspaceCleaner.php	addons/content-projects/src/Services/ContentProject/Workspace/Contracts/ContentProjectWorkspaceCleaner.php
AutomationHealthCommand.php	addons/agent/src/Console/AutomationHealthCommand.php
ArticleFaqGeneratorService.php	addons/content/src/Services/ArticleFaqGeneratorService.php
KeywordTopicalMapMutationService.php	addons/search-intelligence/src/Services/KeywordIntelligence/KeywordTopicalMapMutationService.php
ArticleLinkSuggestionSearchTermsBuilder.php	addons/content/src/Services/ArticleLinkSuggestionSearchTermsBuilder.php
AutomationMigrateCommand.php	addons/agent/src/Console/AutomationMigrateCommand.php
OutlineAsContentDetector.php	addons/content-projects/src/Services/ContentProject/OutlineAsContentDetector.php
WordPressAutomationAvailability.php	addons/agent/src/Automation/BusinessHook/Support/WordPressAutomationAvailability.php
CleanupContentProjectAgentPlansCommand.php	addons/content-projects/src/Console/CleanupContentProjectAgentPlansCommand.php
ArticleAiHistoryListService.php	addons/content/src/Services/ArticleAiHistory/ArticleAiHistoryListService.php
SeoKeyword.php	addons/search-foundation/src/Models/SeoKeyword.php
SeoLinkMapStatus.php	addons/seo/src/Enums/SeoLinkMapStatus.php
PromptHookUiFailureMapper.php	addons/ai-prompt/src/PromptHooks/Runtime/PromptHookUiFailureMapper.php
SyncGscSiteSnapshotJob.php	addons/search-intelligence/src/Jobs/SyncGscSiteSnapshotJob.php
AgentExecutionOrchestrator.php	addons/agent/src/Services/AgentWorkspace/Execution/AgentExecutionOrchestrator.php
MapGscPageHandler.php	addons/search-intelligence/src/Services/GscIntelligence/Application/Handlers/MapGscPageHandler.php
AutomationExecutionResource.php	addons/agent/src/Filament/Resources/AutomationExecutionResource.php
ArticleLastContentChange.php	addons/content-projects/src/Support/ContentProject/ArticleLastContentChange.php
SeoProjectArchive.php	addons/content-projects/src/Models/SeoProjectArchive.php
HeadingDuplicateCheckService.php	addons/seo/src/Services/HeadingDuplicateCheckService.php
WordPressMediaRenameController.php	addons/wordpress/src/Http/Controllers/WordPressMediaRenameController.php
LoggingContentProjectRunEventPublisher.php	addons/content-projects/src/Services/RunEngine/LoggingContentProjectRunEventPublisher.php
DefaultAgentAutomationNotificationService.php	addons/agent/src/Services/AgentWorkspace/Automation/Services/DefaultAgentAutomationNotificationService.php
CreateDomain.php	addons/search-foundation/src/Filament/Resources/DomainResource/Pages/CreateDomain.php
SeoScoringCalculator.php	addons/seo/src/Services/SeoScoringCalculator.php
ArticleWpSyncQueueService.php	addons/wordpress/src/Services/ArticleWpSyncQueueService.php
ReconcilePublishingQueueTasksCommand.php	addons/publishing/src/Console/ReconcilePublishingQueueTasksCommand.php
PromptHookKey.php	addons/ai-prompt/src/PromptHooks/Canonical/PromptHookKey.php
PublishingSchedulePlan.php	addons/content-projects/src/Services/ContentProject/PublishingSchedulePlan.php
WorkflowDoctorCommand.php	addons/content-projects/src/Console/WorkflowDoctorCommand.php
GscImportPreview.php	addons/search-intelligence/src/Services/GscIntelligence/Data/GscImportPreview.php
SeoSiteSyncComparisonDiff.php	addons/site-sync/src/Models/SeoSiteSyncComparisonDiff.php
RefreshSiteSnapshotCommand.php	addons/site-sync/src/Services/Application/Commands/RefreshSiteSnapshotCommand.php
SiteSyncDeltaEventIngestor.php	addons/site-sync/src/Services/Inbound/SiteSyncDeltaEventIngestor.php
ContentProjectQueueHealthWidget.php	addons/content-projects/src/Filament/Widgets/ContentProjectQueueHealthWidget.php
ContentProjectNaturalLanguageAdapter.php	addons/content-projects/src/Services/ContentProject/Agent/ContentProjectNaturalLanguageAdapter.php
SyncKeywordDomainLinkListAction.php	addons/agent/src/Automation/Actions/Keyword/SyncKeywordDomainLinkListAction.php
LlmContentProjectPlanGenerator.php	addons/content-projects/src/Services/ContentProject/Agent/Planner/LlmContentProjectPlanGenerator.php
ScheduleProjectItemsHandler.php	addons/content-projects/src/Services/ContentProject/Application/Handlers/ScheduleProjectItemsHandler.php
ArticleCreateParityPlanner.php	addons/agent/src/Automation/Migration/Planners/ArticleCreateParityPlanner.php
ResumeGscPropertyCommand.php	addons/search-intelligence/src/Services/GscIntelligence/Application/Commands/ResumeGscPropertyCommand.php
AutomationRepairWordpressExecutionsCommand.php	addons/wordpress/src/Console/AutomationRepairWordpressExecutionsCommand.php
SettingDefinition.php	addons/agent/src/Automation/Platform/Data/SettingDefinition.php
SerpRankResult.php	addons/content/src/DataTransfer/SerpRankResult.php
RunKeywordGroupMetricBatchJob.php	addons/search-intelligence/src/Jobs/RunKeywordGroupMetricBatchJob.php
PermissionDefinition.php	addons/agent/src/Automation/Platform/Data/PermissionDefinition.php
ProductGalleryShotDefinition.php	addons/media/src/Support/ProductGallery/ProductGalleryShotDefinition.php
ArchivePreviewArticlePresenter.php	addons/content-projects/src/Support/ContentProject/ArchivePreviewArticlePresenter.php
PublishingProcessingMarkerClearer.php	addons/publishing/src/Services/Publishing/PublishingProcessingMarkerClearer.php
ExtensionProvider.php	addons/agent/src/Extension/Contracts/ExtensionProvider.php
AgentErrorRenderer.php	addons/agent/src/Services/AgentWorkspace/Execution/Rendering/AgentErrorRenderer.php
SeoHelpRegistry.php	addons/seo/src/Support/SeoHelpRegistry.php
AiModelRouterService.php	addons/ai-prompt/src/Services/AiModelRouterService.php
PauseGscPropertyCommand.php	addons/search-intelligence/src/Services/GscIntelligence/Application/Commands/PauseGscPropertyCommand.php
RepairUnprojectedPublishingCommand.php	addons/publishing/src/Console/RepairUnprojectedPublishingCommand.php
SeoToolsAccessControl.php	addons/seo/src/Support/SeoToolsAccessControl.php
ActorContext.php	addons/content-projects/src/Services/ContentProject/Application/ActorContext.php
ActionHandlerRegistrar.php	addons/agent/src/Automation/Registry/ActionHandlerRegistrar.php
PublishingConnectionCandidateResolver.php	addons/content-projects/src/Services/ContentProject/PublishingConnectionCandidateResolver.php
ContentProjectItemActionsPresenter.php	addons/content-projects/src/Support/ContentProject/ContentProjectItemActionsPresenter.php
AbstractSerpIntelligenceHandler.php	addons/search-intelligence/src/Services/SerpIntelligence/Application/Handlers/AbstractSerpIntelligenceHandler.php
PublishingQueueNeedsAttentionDefinition.php	addons/publishing/src/Support/PublishingQueue/PublishingQueueNeedsAttentionDefinition.php
SerpNormalizedSnapshot.php	addons/search-intelligence/src/Services/SerpIntelligence/Data/SerpNormalizedSnapshot.php
CapabilityContributor.php	addons/agent/src/Extension/Contracts/CapabilityContributor.php
DomainSyncManifestComparator.php	addons/search-foundation/src/Support/DomainSyncManifestComparator.php
ProductGalleryImageDeduper.php	addons/commerce/src/Services/ProductGallery/ProductGalleryImageDeduper.php
SiteSyncServiceProvider.php	addons/site-sync/src/SiteSyncServiceProvider.php
SeoWpMediaBackup.php	addons/media/src/Models/SeoWpMediaBackup.php
AgentExecutionContext.php	addons/content-projects/src/Services/ContentProject/Agent/AgentExecutionContext.php
PublishingActiveProcessing.php	addons/publishing/src/Services/Publishing/PublishingActiveProcessing.php
KeywordRelationshipType.php	addons/search-intelligence/src/Enums/KeywordIntelligence/KeywordRelationshipType.php
ProductGalleryPipelineService.php	addons/commerce/src/Services/ProductGallery/ProductGalleryPipelineService.php
AgentAutomationRepository.php	addons/agent/src/Services/AgentWorkspace/Automation/Contracts/AgentAutomationRepository.php
ContentAutomationModuleProvider.php	addons/agent/src/Automation/Modules/Content/ContentAutomationModuleProvider.php
LinkSuggestionValidator.php	addons/seo/src/Support/LinkSuggestionValidator.php
Tag.php	addons/search-foundation/src/Models/Tag.php
SeoAgentPlanningRun.php	addons/agent/src/Models/AgentWorkspace/SeoAgentPlanningRun.php
ContentProjectTimelineService.php	addons/content-projects/src/Services/ContentProject/ContentProjectTimelineService.php
SyncContentProjectItemsCommand.php	addons/content-projects/src/Services/ContentProject/Application/Commands/SyncContentProjectItemsCommand.php
ProductGallerySerialChildLoop.php	addons/commerce/src/Services/ProductGallery/ProductGallerySerialChildLoop.php
AgentApprovalStatus.php	addons/content-projects/src/Services/ContentProject/Agent/Planner/AgentApprovalStatus.php
EditAutomationRule.php	addons/agent/src/Filament/Resources/AutomationRuleResource/Pages/EditAutomationRule.php
SiteSyncStatusPresenter.php	addons/site-sync/src/Services/Presentation/SiteSyncStatusPresenter.php
ContentProjectRunSettings.php	addons/content-projects/src/Support/ContentProjectRunSettings.php
SeoSerpContentGap.php	addons/search-intelligence/src/Models/SeoSerpContentGap.php
SeoAccessControl.php	addons/seo/src/Support/SeoAccessControl.php
AbstractSerpRankProvider.php	addons/search-intelligence/src/Providers/Serp/AbstractSerpRankProvider.php
BusinessEventDefinition.php	addons/agent/src/Automation/BusinessHook/Data/BusinessEventDefinition.php
ArticleMetaKeyCatalog.php	addons/content/src/Support/ArticleMetaKeyCatalog.php
WorkflowExtensionRegistry.php	addons/agent/src/Extension/Registry/WorkflowExtensionRegistry.php
AuditLinkStatusJob.php	addons/seo/src/Jobs/AuditLinkStatusJob.php
VirtualCommentService.php	addons/wordpress/src/Services/VirtualCommentService.php
AgentAutomationNotificationData.php	addons/agent/src/Services/AgentWorkspace/Automation/Data/AgentAutomationNotificationData.php
WordPressProductReviewService.php	addons/commerce/src/Services/ProductReview/WordPressProductReviewService.php
PreviewAddGscQueriesToKeywordWorkspaceHandler.php	addons/search-intelligence/src/Services/GscIntelligence/Application/Handlers/PreviewAddGscQueriesToKeywordWorkspaceHandler.php
BelongsToOnDefaultConnection.php	addons/search-foundation/src/Models/Concerns/BelongsToOnDefaultConnection.php
AutomationModuleProvider.php	addons/agent/src/Automation/Platform/Contracts/AutomationModuleProvider.php
UpdateArticleContentAction.php	addons/agent/src/Automation/Actions/Article/UpdateArticleContentAction.php
DefaultAgentAutomationConditionEvaluator.php	addons/agent/src/Services/AgentWorkspace/Automation/Services/DefaultAgentAutomationConditionEvaluator.php
BuiltinAgentEvaluationDatasetInstaller.php	addons/agent/src/Services/AgentWorkspace/Observability/Evaluation/BuiltinAgentEvaluationDatasetInstaller.php
KeywordCannibalizationRecommendedAction.php	addons/search-intelligence/src/Enums/KeywordIntelligence/KeywordCannibalizationRecommendedAction.php
AgentResultRendererRegistry.php	addons/agent/src/Services/AgentWorkspace/Execution/Rendering/AgentResultRendererRegistry.php
MediaProcessorDriver.php	addons/media/src/Extension/Contracts/MediaProcessorDriver.php
AnalyzeSelectedKeywordsCommand.php	addons/search-intelligence/src/Services/KeywordIntelligence/Application/Commands/AnalyzeSelectedKeywordsCommand.php
ArticleLastContentChangeResolver.php	addons/content/src/Services/ArticleLastContentChangeResolver.php
BlockProjectItemGenerationHandler.php	addons/content-projects/src/Services/ContentProject/Application/Handlers/BlockProjectItemGenerationHandler.php
CreateContentProjectFromTopicalMapCommand.php	addons/search-intelligence/src/Services/KeywordIntelligence/Application/Commands/CreateContentProjectFromTopicalMapCommand.php
KeywordClusterType.php	addons/search-intelligence/src/Enums/KeywordIntelligence/KeywordClusterType.php
ContentProjectOpsMetrics.php	addons/content-projects/src/Services/ContentProject/Operations/ContentProjectOpsMetrics.php
WorkspaceMediaPickerController.php	addons/media/src/Http/Controllers/WorkspaceMediaPickerController.php
ContentProjectAiCostAggregateService.php	addons/content-projects/src/Services/ContentProject/Operations/ContentProjectAiCostAggregateService.php
ListFocusKeywords.php	addons/search-intelligence/src/Filament/Resources/KeywordResource/Pages/ListFocusKeywords.php
ContentServiceProvider.php	addons/content/src/ContentServiceProvider.php
SyncSiteLinksCommand.php	addons/site-sync/src/Services/Application/Commands/SyncSiteLinksCommand.php
OperationsSkills.php	addons/agent/src/Services/AgentWorkspace/Skills/OperationsSkills.php
ListTags.php	addons/content/src/Filament/Resources/TagResource/Pages/ListTags.php
KeywordWorkspaceAnalysisLock.php	addons/search-intelligence/src/Services/KeywordIntelligence/KeywordWorkspaceAnalysisLock.php
AgentErrorCodes.php	addons/content-projects/src/Services/ContentProject/Agent/AgentErrorCodes.php
WordPressRestResponseParser.php	addons/wordpress/src/Support/WordPressRestResponseParser.php
AgentFeedbackService.php	addons/agent/src/Services/AgentWorkspace/Observability/AgentFeedbackService.php
ArticleEditorSessionErrorCode.php	addons/content/src/Support/ArticleEditorSessionErrorCode.php
MediaGenerationService.php	addons/media/src/Services/MediaGenerationService.php
DiagnoseContentProjectArchiveCommand.php	addons/content-projects/src/Console/DiagnoseContentProjectArchiveCommand.php
ReconcilePublishingQueueRemoteTasksCommand.php	addons/content-projects/src/Services/ContentProject/Application/Commands/ReconcilePublishingQueueRemoteTasksCommand.php
ApplySerpPageTypeSuggestionCommand.php	addons/search-intelligence/src/Services/SerpIntelligence/Application/Commands/ApplySerpPageTypeSuggestionCommand.php
AgentPlanningResponse.php	addons/agent/src/Services/AgentWorkspace/Planning/Data/AgentPlanningResponse.php
CanonicalKeywordIdentity.php	addons/search-foundation/src/CanonicalKeywordIdentity.php
SeoProjectObserver.php	addons/content-projects/src/Observers/SeoProjectObserver.php
SeoConvertedImageValidator.php	addons/media/src/Support/SeoConvertedImageValidator.php
GeminiModelCatalog.php	addons/seo/src/Support/GeminiModelCatalog.php
AgentPlanOutputBinder.php	addons/agent/src/Services/AgentWorkspace/Execution/AgentPlanOutputBinder.php
SeoProjectRunAction.php	addons/content-projects/src/Enums/SeoProjectRunAction.php
AutomationVersionService.php	addons/agent/src/Automation/BusinessHook/Services/AutomationVersionService.php
ContentProjectItemPublishState.php	addons/content-projects/src/Enums/ContentProjectItemPublishState.php
LegacyProductReviewStateNormalizer.php	addons/commerce/src/Services/ProductReview/LegacyProductReviewStateNormalizer.php
ReviewSerpContentGapHandler.php	addons/search-intelligence/src/Services/SerpIntelligence/Application/Handlers/ReviewSerpContentGapHandler.php
SeoLinkAudit.php	addons/search-foundation/src/Models/SeoLinkAudit.php
SeoSettingsOverview.php	addons/seo/src/Filament/Pages/SeoSettingsOverview.php
EditorRevisionWorkspaceCleaner.php	addons/content-projects/src/Services/ContentProject/Workspace/Cleaners/EditorRevisionWorkspaceCleaner.php
KeywordMeta.php	addons/search-foundation/src/Models/KeywordMeta.php
UpdateSerpQueryHandler.php	addons/search-intelligence/src/Services/SerpIntelligence/Application/Handlers/UpdateSerpQueryHandler.php
PromptHookSettingsMerger.php	addons/ai-prompt/src/PromptHooks/Spec/PromptHookSettingsMerger.php
MediaLibrary.php	addons/media/src/Filament/Pages/MediaLibrary.php
SerpCollectionLockService.php	addons/search-intelligence/src/Services/SerpIntelligence/SerpCollectionLockService.php
AutomationException.php	addons/agent/src/Automation/Exceptions/AutomationException.php
SeoProviderDefinition.php	addons/seo/src/DataTransfer/SeoProviderDefinition.php
AgentAutomationDefinitionRequest.php	addons/agent/src/Services/AgentWorkspace/Automation/Data/AgentAutomationDefinitionRequest.php
ArticleReviewCutoverRules.php	addons/content/src/Support/ArticleReviewCutoverRules.php
AgentExecutionStatus.php	addons/agent/src/Enums/AgentWorkspace/AgentExecutionStatus.php
ContentProjectAgentPlanApplicationService.php	addons/content-projects/src/Services/ContentProject/Agent/Planner/ContentProjectAgentPlanApplicationService.php
GscScopeType.php	addons/search-intelligence/src/Enums/Gsc/GscScopeType.php
SerpSnapshotStatus.php	addons/search-intelligence/src/Enums/Serp/SerpSnapshotStatus.php
ArticleProductReviewReconcileController.php	addons/commerce/src/Http/Controllers/ArticleProductReviewReconcileController.php
CapabilityContextGuard.php	addons/content-projects/src/Services/ContentProject/Application/Capabilities/CapabilityContextGuard.php
AgentAutomationPreview.php	addons/agent/src/Services/AgentWorkspace/Automation/Data/AgentAutomationPreview.php
SeoProjectRunItem.php	addons/content-projects/src/Models/SeoProjectRunItem.php
WordPressCommentReviewService.php	addons/wordpress/src/Services/WordPressCommentReviewService.php
ContentProjectPostImageService.php	addons/content-projects/src/Services/ContentProject/ContentProjectPostImageService.php
MediaAutomationModuleProvider.php	addons/agent/src/Automation/Modules/Media/MediaAutomationModuleProvider.php
AiImageProcessingService.php	addons/media/src/Services/AiImageProcessingService.php
SyncSiteKeywordsCommand.php	addons/site-sync/src/Services/Application/Commands/SyncSiteKeywordsCommand.php
ProjectTaskOriginVariables.php	addons/content-projects/src/Support/ProjectTaskOriginVariables.php
ScheduleGeneratedProductReviewsHookAction.php	addons/agent/src/Automation/BusinessHook/Actions/ScheduleGeneratedProductReviewsHookAction.php
MarkdownOutlineParser.php	addons/content/src/Support/MarkdownOutlineParser.php
SeoLink.php	addons/search-foundation/src/Models/SeoLink.php
AllDomainsProjectsWidget.php	addons/content-projects/src/Filament/Widgets/AllDomainsProjectsWidget.php
SeoProviderCategory.php	addons/seo/src/Enums/SeoProviderCategory.php
ArchiveContentProjectCommand.php	addons/content-projects/src/Services/ContentProject/Application/Commands/ArchiveContentProjectCommand.php
SerpProviderResult.php	addons/search-intelligence/src/Services/SerpIntelligence/Data/SerpProviderResult.php
AutomationNodeType.php	addons/agent/src/Automation/BusinessHook/Enums/AutomationNodeType.php
SeoProjectTaskSyncData.php	addons/content-projects/src/Support/SeoProjectTaskSyncData.php
PromptHookLoggingPolicy.php	addons/ai-prompt/src/PromptHooks/Canonical/PromptHookLoggingPolicy.php
LoggingAutomationEventDispatcher.php	addons/agent/src/Automation/Events/LoggingAutomationEventDispatcher.php
ArticleFeaturedImageProjection.php	addons/media/src/Services/ArticleFeaturedImageProjection.php
MarkdownSectionsOutputParser.php	addons/ai-prompt/src/PromptHooks/Output/MarkdownSectionsOutputParser.php
AgentResultRenderer.php	addons/agent/src/Services/AgentWorkspace/Execution/Rendering/AgentResultRenderer.php
KeywordDomainResyncCache.php	addons/search-foundation/src/Support/KeywordDomainResyncCache.php
SeoWatermarkService.php	addons/media/src/Services/SeoWatermarkService.php
ExtensionRegistry.php	addons/agent/src/Extension/Registry/ExtensionRegistry.php
ContentProjectAgentConditionRegistry.php	addons/content-projects/src/Services/ContentProject/Agent/Planner/ContentProjectAgentConditionRegistry.php
DeterministicAgentPlanRepairer.php	addons/agent/src/Services/AgentWorkspace/Planning/Services/DeterministicAgentPlanRepairer.php
WatermarkSettingsPage.php	addons/media/src/Filament/Pages/WatermarkSettingsPage.php
SiteSyncSiteMeta.php	addons/site-sync/src/Services/Support/SiteSyncSiteMeta.php
ClaudeMessagesClient.php	addons/ai-prompt/src/Services/Ai/ClaudeMessagesClient.php
SeoProjectTaskLifecycleService.php	addons/content-projects/src/Services/SeoProjectTaskLifecycleService.php
ArticleLinkContextMapService.php	addons/content/src/Services/ArticleLinkContextMapService.php
BackfillPromptResultLinksCommand.php	addons/ai-prompt/src/Console/BackfillPromptResultLinksCommand.php
WordPressFieldConflictService.php	addons/wordpress/src/Services/WordPressFieldConflictService.php
DefaultProductGalleryPromptsInstaller.php	addons/ai-prompt/src/Services/PromptOwnership/DefaultProductGalleryPromptsInstaller.php
ContentProjectPublishingQueueReadModel.php	addons/content-projects/src/Services/ContentProject/ContentProjectPublishingQueueReadModel.php
SeoMediaController.php	addons/media/src/Http/Controllers/SeoMediaController.php
InteractsWithAiKeywordDiscovery.php	addons/search-intelligence/src/Filament/Concerns/InteractsWithAiKeywordDiscovery.php
ReportIsReviewedCutoverCommand.php	addons/commerce/src/Console/ReportIsReviewedCutoverCommand.php
DomainResource.php	addons/search-foundation/src/Filament/Resources/DomainResource.php
ArticleMediaLocalService.php	addons/media/src/Services/ArticleMediaLocalService.php
ContentProjectWorkspaceCleanupContext.php	addons/content-projects/src/Services/ContentProject/Workspace/ContentProjectWorkspaceCleanupContext.php
PublishDueItemService.php	addons/publishing/src/Services/Publishing/PublishDueItemService.php
ProductGalleryCanaryFixtureService.php	addons/commerce/src/Services/ProductGallery/ProductGalleryCanaryFixtureService.php
ContentProjectBusinessAuditor.php	addons/content-projects/src/Services/ContentProject/Application/Support/ContentProjectBusinessAuditor.php
SeoKeywordAnalysisOperation.php	addons/search-intelligence/src/Models/KeywordIntelligence/SeoKeywordAnalysisOperation.php
RunKeywordRankCheckBatchJob.php	addons/search-intelligence/src/Jobs/RunKeywordRankCheckBatchJob.php
TemplateRenderFailed.php	addons/ai-prompt/src/PromptHooks/Exceptions/TemplateRenderFailed.php
AcknowledgeProjectItemGenerationErrorHandler.php	addons/content-projects/src/Services/ContentProject/Application/Handlers/AcknowledgeProjectItemGenerationErrorHandler.php
ContentProjectRecentlyCompletedDefinition.php	addons/content-projects/src/Support/ContentProject/ContentProjectRecentlyCompletedDefinition.php
AgentExecutionOutcomeEvaluator.php	addons/agent/src/Services/AgentWorkspace/Observability/Evaluation/AgentExecutionOutcomeEvaluator.php
ArticleEditorHistoryService.php	addons/content/src/Services/ArticleEditorHistoryService.php
RoutesArticleExtensionAttributes.php	addons/content/src/Models/Concerns/RoutesArticleExtensionAttributes.php
SeoCreateArticleSettingsService.php	addons/seo/src/Services/SeoCreateArticleSettingsService.php
ManualSyncContext.php	addons/wordpress/src/Services/ManualSyncContext.php
SiteSyncV2BackfillService.php	addons/site-sync/src/Services/Backfill/SiteSyncV2BackfillService.php
SiteMcpContactDiscovery.php	addons/search-foundation/src/Services/SiteMcp/SiteMcpContactDiscovery.php
AiKeywordDiscovery.php	addons/search-intelligence/src/Filament/Pages/AiKeywordDiscovery.php
SeoScoreChart.php	addons/seo/src/Filament/Widgets/SeoScoreChart.php
RegistryAgentModelRouter.php	addons/agent/src/Services/AgentWorkspace/Planning/Services/RegistryAgentModelRouter.php
BuildTopicalMapCommand.php	addons/search-intelligence/src/Services/KeywordIntelligence/Application/Commands/BuildTopicalMapCommand.php
McpCapabilityMarkdownPresenter.php	addons/content-projects/src/Services/ContentProject/Agent/Mcp/McpCapabilityMarkdownPresenter.php
SerpProviderResolver.php	addons/search-intelligence/src/Services/SerpIntelligence/SerpProviderResolver.php
SeoKeywordRelationship.php	addons/search-intelligence/src/Models/KeywordIntelligence/SeoKeywordRelationship.php
CreateTopicCommand.php	addons/search-intelligence/src/Services/KeywordIntelligence/Application/Commands/CreateTopicCommand.php
ContentProjectStaffAvailabilityService.php	addons/content-projects/src/Services/ContentProjectStaffAvailabilityService.php
SeoProviderInterface.php	addons/seo/src/Extension/Contracts/SeoProviderInterface.php
ContentProjectAgentBudgetGuard.php	addons/content-projects/src/Services/ContentProject/Agent/Planner/ContentProjectAgentBudgetGuard.php
UpdateGscPropertyHandler.php	addons/search-intelligence/src/Services/GscIntelligence/Application/Handlers/UpdateGscPropertyHandler.php
AnchorTextAuditCriteria.php	addons/seo/src/Support/AnchorTextAuditCriteria.php
EditAiConnection.php	addons/ai-prompt/src/Filament/Resources/AiConnectionResource/Pages/EditAiConnection.php
OutlineSkipListMatcher.php	addons/ai-prompt/src/Services/OutlineSkipListMatcher.php
ManualImportSerpProvider.php	addons/search-intelligence/src/Services/SerpIntelligence/Providers/ManualImportSerpProvider.php
GeneralDomain.php	addons/search-foundation/src/Filament/Resources/DomainResource/Pages/GeneralDomain.php
RedirectDomainInfoToEdit.php	addons/search-foundation/src/Filament/Resources/DomainResource/Pages/RedirectDomainInfoToEdit.php
SeoWatermarkController.php	addons/media/src/Http/Controllers/SeoWatermarkController.php
AgentProposedPlanStep.php	addons/agent/src/Services/AgentWorkspace/Planning/Data/AgentProposedPlanStep.php
BulkDeleteArticleAiArtifactsCommand.php	addons/content/src/Services/ArticleAiHistory/Application/Commands/BulkDeleteArticleAiArtifactsCommand.php
AgentExecutionRequest.php	addons/agent/src/Services/AgentWorkspace/Execution/Dtos/AgentExecutionRequest.php
AutomationActionResult.php	addons/agent/src/Automation/BusinessHook/Data/AutomationActionResult.php
AgentExecutionIdempotencyFactory.php	addons/agent/src/Services/AgentWorkspace/Execution/AgentExecutionIdempotencyFactory.php
ArticleDocumentVersionService.php	addons/content/src/Services/ArticleEditor/ArticleDocumentVersionService.php
EditDomain.php	addons/search-foundation/src/Filament/Resources/DomainResource/Pages/EditDomain.php
QueueInspectWordpressCommand.php	addons/wordpress/src/Console/QueueInspectWordpressCommand.php
InteractsWithSeoAllDomainsDashboard.php	addons/seo/src/Filament/Concerns/InteractsWithSeoAllDomainsDashboard.php
AgentSkillCatalogPresenter.php	addons/agent/src/Services/AgentWorkspace/Planning/Services/AgentSkillCatalogPresenter.php
DebugOverrideProjectItemLifecycleHandler.php	addons/content-projects/src/Services/ContentProject/Application/Handlers/DebugOverrideProjectItemLifecycleHandler.php
AgentPackRegistry.php	addons/agent/src/Services/AgentWorkspace/Packs/AgentPackRegistry.php
SeoSettingsDateTime.php	addons/seo/src/Filament/Pages/SeoSettingsDateTime.php
SeoPromptResultLink.php	addons/ai-prompt/src/Models/SeoPromptResultLink.php
PromptHookEntityResolverContract.php	addons/ai-prompt/src/PromptHooks/Contracts/PromptHookEntityResolverContract.php
SeoArticleRevisionController.php	addons/content/src/Http/Controllers/SeoArticleRevisionController.php
ArticleFaqExtractDebugService.php	addons/content/src/Services/ArticleFaqExtractDebugService.php
AgentPlanDraftValidator.php	addons/content-projects/src/Services/ContentProject/Agent/Planner/AgentPlanDraftValidator.php
ProductGallerySelectionResult.php	addons/media/src/Support/ProductGallery/ProductGallerySelectionResult.php
SeoArticleScoringQueueService.php	addons/seo/src/Services/SeoArticleScoringQueueService.php
GscQueriesTableService.php	addons/search-intelligence/src/Services/GscQueriesTableService.php
ExtensionContext.php	addons/agent/src/Extension/ExtensionContext.php
DefaultAgentPlanningOrchestrator.php	addons/agent/src/Services/AgentWorkspace/Planning/Services/DefaultAgentPlanningOrchestrator.php
ContentProjectRerunFromStep.php	addons/content-projects/src/Enums/ContentProjectRerunFromStep.php
BusinessHookEmitter.php	addons/agent/src/Automation/BusinessHook/Support/BusinessHookEmitter.php
ProductReviewPublishDispatchService.php	addons/commerce/src/Services/ProductReview/ProductReviewPublishDispatchService.php
AutomationSettingsService.php	addons/agent/src/Automation/BusinessHook/Services/AutomationSettingsService.php
PromptHookExecutionResult.php	addons/ai-prompt/src/PromptHooks/Data/PromptHookExecutionResult.php
PublishingQueueRetryWaitDefinition.php	addons/publishing/src/Support/PublishingQueue/PublishingQueueRetryWaitDefinition.php
SeoImageSplitterService.php	addons/media/src/Services/SeoImageSplitterService.php
AddGscQueriesToKeywordWorkspaceHandler.php	addons/search-intelligence/src/Services/GscIntelligence/Application/Handlers/AddGscQueriesToKeywordWorkspaceHandler.php
SeoGscPropertyMapping.php	addons/search-intelligence/src/Models/SeoGscPropertyMapping.php
FaqRowNormalizer.php	addons/seo/src/Support/FaqRowNormalizer.php
ContentProjectCommandBusMonitorService.php	addons/content-projects/src/Services/ContentProject/Operations/ContentProjectCommandBusMonitorService.php
ContentProjectAgentPlanStep.php	addons/content-projects/src/Models/ContentProjectAgentPlanStep.php
ContentProjectAuditSearchService.php	addons/content-projects/src/Services/ContentProject/Operations/ContentProjectAuditSearchService.php
WpSyncJobStatus.php	addons/wordpress/src/Enums/WpSyncJobStatus.php
CreateContentProjectHandler.php	addons/content-projects/src/Services/ContentProject/Application/Handlers/CreateContentProjectHandler.php
AgentPackSafeMappingValidator.php	addons/agent/src/Services/AgentWorkspace/Packs/AgentPackSafeMappingValidator.php
AgentPackCompatibilityService.php	addons/agent/src/Services/AgentWorkspace/Packs/AgentPackCompatibilityService.php
ContentProjectLifecyclePhase.php	addons/content-projects/src/Enums/ContentProjectLifecyclePhase.php
PromptHookShadowParityRecorder.php	addons/ai-prompt/src/PromptHooks/Runtime/PromptHookShadowParityRecorder.php
ArticleEditorDocumentNodeRegistry.php	addons/content/src/Services/ArticleEditor/Document/ArticleEditorDocumentNodeRegistry.php
ArticleGenerationInputResolver.php	addons/content-projects/src/Services/ArticleGenerationInputResolver.php
ContentProjectOpsHealthService.php	addons/content-projects/src/Services/ContentProject/Operations/ContentProjectOpsHealthService.php
ContentProjectPublishQueueStatus.php	addons/content-projects/src/Enums/ContentProjectPublishQueueStatus.php
SeoDisplayTimezone.php	addons/seo/src/Support/SeoDisplayTimezone.php
ArticleFaqPromptVariablesService.php	addons/ai-prompt/src/Services/ArticleFaqPromptVariablesService.php
SerpDomainType.php	addons/search-intelligence/src/Services/SerpIntelligence/Enums/SerpDomainType.php
ContentProjectAgentGateway.php	addons/content-projects/src/Services/ContentProject/Agent/ContentProjectAgentGateway.php
ActionRegistry.php	addons/agent/src/Automation/Registry/ActionRegistry.php
PreviewSiteSyncRepairCommand.php	addons/site-sync/src/Services/Application/Commands/PreviewSiteSyncRepairCommand.php
ViewKeywordWorkspace.php	addons/search-intelligence/src/Filament/Pages/KeywordIntelligence/ViewKeywordWorkspace.php
TestOptimizeLocalWebpRequest.php	addons/media/src/Http/Requests/TestOptimizeLocalWebpRequest.php
GscDailyMetricPersistService.php	addons/search-intelligence/src/Services/GscIntelligence/GscDailyMetricPersistService.php
ContentProjectInReviewReportingDefinition.php	addons/content-projects/src/Support/ContentProject/ContentProjectInReviewReportingDefinition.php
ArticleEditorMediaSnapshotService.php	addons/content/src/Services/ArticleEditor/ArticleEditorMediaSnapshotService.php
SyncDomainContentService.php	addons/wordpress/src/Services/SyncDomainContentService.php
ProductReviewDto.php	addons/commerce/src/Services/ProductReview/Data/ProductReviewDto.php
ArticlesArchive.php	addons/content/src/Filament/Pages/ArticlesArchive.php
ExtensionCompatibilityChecker.php	addons/agent/src/Extension/ExtensionCompatibilityChecker.php
SystemWordPressContext.php	addons/wordpress/src/Services/SideEffect/SystemWordPressContext.php
SeoProjectResource.php	addons/content-projects/src/Filament/Resources/SeoProjectResource.php
GenerateArticleReviewsJob.php	addons/content/src/Jobs/GenerateArticleReviewsJob.php
SiteMcpKeywordSuggestCliService.php	addons/search-foundation/src/Services/SiteMcp/SiteMcpKeywordSuggestCliService.php
ResolveSerpContentGapCommand.php	addons/search-intelligence/src/Services/SerpIntelligence/Application/Commands/ResolveSerpContentGapCommand.php
ApproveKeywordsCommand.php	addons/search-intelligence/src/Services/KeywordIntelligence/Application/Commands/ApproveKeywordsCommand.php
AutomationHealthCheckRegistry.php	addons/agent/src/Automation/Platform/Registry/AutomationHealthCheckRegistry.php
SerpRankProviderRegistry.php	addons/search-intelligence/src/Providers/Serp/SerpRankProviderRegistry.php
SeoAgentEvaluationCase.php	addons/agent/src/Models/AgentWorkspace/SeoAgentEvaluationCase.php
ActionSideEffect.php	addons/agent/src/Automation/Enums/ActionSideEffect.php
SeoArticleRemoteSnapshot.php	addons/site-sync/src/Models/SeoArticleRemoteSnapshot.php
BusinessHookSchemaGuard.php	addons/agent/src/Automation/BusinessHook/Support/BusinessHookSchemaGuard.php
ArticleEditorSessionController.php	addons/content/src/Http/Controllers/ArticleEditorSessionController.php
AutomationActionExecutionStatus.php	addons/agent/src/Automation/BusinessHook/Enums/AutomationActionExecutionStatus.php
ProductReviewEditorLoadService.php	addons/commerce/src/Services/ProductReview/ProductReviewEditorLoadService.php
DeleteEmptyTopicCommand.php	addons/search-intelligence/src/Services/KeywordIntelligence/Application/Commands/DeleteEmptyTopicCommand.php
PublishProjectItemsNowCommand.php	addons/content-projects/src/Services/ContentProject/Application/Commands/PublishProjectItemsNowCommand.php
OutputTruncated.php	addons/ai-prompt/src/PromptHooks/Exceptions/OutputTruncated.php
SeoArticleEditorSession.php	addons/content/src/Models/SeoArticleEditorSession.php
GscPageArticleMapper.php	addons/search-intelligence/src/Services/GscIntelligence/GscPageArticleMapper.php
ContentProjectFailedStepResumeResolver.php	addons/content-projects/src/Services/ContentProject/ContentProjectFailedStepResumeResolver.php
CheckMainRole.php	addons/seo/src/Http/Middleware/CheckMainRole.php
ContentProjectErrorCode.php	addons/content-projects/src/Enums/ContentProjectErrorCode.php
WorkflowParserService.php	addons/ai-prompt/src/Services/WorkflowParserService.php
ArchiveProjectItemsCommand.php	addons/content-projects/src/Services/ContentProject/Application/Commands/ArchiveProjectItemsCommand.php
ArticleInternalLinkSearchService.php	addons/content/src/Services/ArticleInternalLinkSearchService.php
ProductGalleryCanaryFixtureCommand.php	addons/media/src/Console/ProductGalleryCanaryFixtureCommand.php
ContentProjectSiteHealthService.php	addons/content-projects/src/Services/ContentProject/Operations/ContentProjectSiteHealthService.php
GenerateMediaJob.php	addons/media/src/Jobs/GenerateMediaJob.php
WatermarkEditor.php	addons/media/src/Filament/Pages/WatermarkEditor.php
ContentProjectAgentReadService.php	addons/content-projects/src/Services/ContentProject/Agent/ContentProjectAgentReadService.php
ProductReviewCreationPolicy.php	addons/commerce/src/Services/ProductReview/ProductReviewCreationPolicy.php
ProductPipelineDefinition.php	addons/agent/src/Extension/Builtin/ContentPipelines/Definitions/ProductPipelineDefinition.php
ApproveArticleAction.php	addons/agent/src/Automation/Actions/Article/ApproveArticleAction.php
SyncArticleToWordPressFromQueueJob.php	addons/wordpress/src/Jobs/SyncArticleToWordPressFromQueueJob.php
BriefArticleWritingSourceProvider.php	addons/content/src/Services/ArticleWriting/BriefArticleWritingSourceProvider.php
AgentScopeEvaluator.php	addons/content-projects/src/Services/ContentProject/Agent/AgentScopeEvaluator.php
ContentProjectReadModelService.php	addons/content-projects/src/Services/ContentProject/Application/ContentProjectReadModelService.php
ExtensionDefinition.php	addons/agent/src/Extension/ExtensionDefinition.php
PendingArtifactsWorkspaceCleaner.php	addons/content-projects/src/Services/ContentProject/Workspace/Cleaners/PendingArtifactsWorkspaceCleaner.php
AgentRetentionService.php	addons/agent/src/Services/AgentWorkspace/Observability/AgentRetentionService.php
SeoSiteSyncHeartbeat.php	addons/site-sync/src/Models/SeoSiteSyncHeartbeat.php
ContentProjectDashboardStatsService.php	addons/content-projects/src/Services/ContentProject/ContentProjectDashboardStatsService.php
ListDomainInternalLinks.php	addons/search-foundation/src/Filament/Resources/DomainResource/Pages/ListDomainInternalLinks.php
AgentCapabilityDiagnosticsService.php	addons/agent/src/Services/AgentWorkspace/AgentCapabilityDiagnosticsService.php
ProductReviewAutomationSettingsResolver.php	addons/commerce/src/Services/ProductReview/ProductReviewAutomationSettingsResolver.php
AcceptSiteProfileSuggestionCommand.php	addons/site-sync/src/Services/Application/Commands/AcceptSiteProfileSuggestionCommand.php
RetryFailedSeoScoresCommand.php	addons/site-sync/src/Services/Application/Commands/RetryFailedSeoScoresCommand.php
AgentPackManifestValidator.php	addons/agent/src/Services/AgentWorkspace/Packs/AgentPackManifestValidator.php
SerpProviderUsage.php	addons/content/src/DataTransfer/SerpProviderUsage.php
WorkflowStepExecutionException.php	addons/seo/src/Exceptions/WorkflowStepExecutionException.php
GscQueryMappingType.php	addons/search-intelligence/src/Enums/Gsc/GscQueryMappingType.php
SeoReasonPresentation.php	addons/seo/src/Support/SeoReasonPresentation.php
SerpFetchStatus.php	addons/search-intelligence/src/Enums/Serp/SerpFetchStatus.php
DefaultAgentAutomationRunner.php	addons/agent/src/Services/AgentWorkspace/Automation/Services/DefaultAgentAutomationRunner.php
ContentProjectExistingArticleReconcileResult.php	addons/content-projects/src/Services/ContentProject/ContentProjectExistingArticleReconcileResult.php
AutomationWorkflowMapBuilder.php	addons/agent/src/Automation/Presentation/Workflow/AutomationWorkflowMapBuilder.php
WordPressMediaCapabilityResolver.php	addons/wordpress/src/Services/WordPressMediaCapabilityResolver.php
GeminiMediaGenerationService.php	addons/media/src/Services/GeminiMediaGenerationService.php
MoveTopicHandler.php	addons/search-intelligence/src/Services/KeywordIntelligence/Application/Handlers/MoveTopicHandler.php
ProductReviewLocalBatchCreator.php	addons/commerce/src/Services/ProductReview/ProductReviewLocalBatchCreator.php
PromptDeleteGuard.php	addons/ai-prompt/src/Services/PromptOwnership/PromptDeleteGuard.php
WordpressPublisherDriver.php	addons/wordpress/src/Extension/WordpressPublisherDriver.php
AnalyzeArticleSeoJob.php	addons/content/src/Jobs/AnalyzeArticleSeoJob.php
PromptHookAuditRecorder.php	addons/ai-prompt/src/PromptHooks/Runtime/PromptHookAuditRecorder.php
AgentSkillAvailabilityService.php	addons/agent/src/Services/AgentWorkspace/AgentSkillAvailabilityService.php
ExtensionEventEnvelope.php	addons/agent/src/Extension/ExtensionEventEnvelope.php
ActionExecutionLoggerContract.php	addons/agent/src/Automation/Contracts/ActionExecutionLoggerContract.php
ContentProjectAiWorkspaceDestroyer.php	addons/content-projects/src/Services/ContentProject/Workspace/ContentProjectAiWorkspaceDestroyer.php
PromptHookPromotionThresholds.php	addons/ai-prompt/src/PromptHooks/Runtime/PromptHookPromotionThresholds.php
ReturnToContentProjectCommand.php	addons/content-projects/src/Services/ContentProject/Application/Commands/ReturnToContentProjectCommand.php
AgentKnowledgeOrchestrator.php	addons/agent/src/Services/AgentWorkspace/Knowledge/Contracts/AgentKnowledgeOrchestrator.php
ContentProjectContentManagerHandoffService.php	addons/content-projects/src/Services/ContentProject/ContentProjectContentManagerHandoffService.php
ArticleFeaturedImageResolver.php	addons/content/src/Support/ArticleFeaturedImageResolver.php
SeoScoringRuleMessageResolver.php	addons/seo/src/Support/SeoScoringRuleMessageResolver.php
AgentCliArgumentSuggestService.php	addons/agent/src/Services/AgentWorkspace/Cli/AgentCliArgumentSuggestService.php
ContentProjectPublishingQueue.php	addons/content-projects/src/Filament/Resources/SeoProjectResource/Pages/ContentProjectPublishingQueue.php
SeoArticleScoreSource.php	addons/site-sync/src/Models/SeoArticleScoreSource.php
FakePromptProviderAdapter.php	addons/ai-prompt/src/PromptHooks/Provider/FakePromptProviderAdapter.php
GscMappingStatus.php	addons/search-intelligence/src/Enums/Gsc/GscMappingStatus.php
SeoDataForSeoConnection.php	addons/search-intelligence/src/Models/SeoDataForSeoConnection.php
GscSuggestedMappingPersistService.php	addons/search-intelligence/src/Services/GscIntelligence/GscSuggestedMappingPersistService.php
PreviewContentProjectFromClustersHandler.php	addons/search-intelligence/src/Services/KeywordIntelligence/Application/Handlers/PreviewContentProjectFromClustersHandler.php
AgentCostUsageTracker.php	addons/agent/src/Services/AgentWorkspace/Observability/AgentCostUsageTracker.php
SeoSiteSyncLock.php	addons/site-sync/src/Models/SeoSiteSyncLock.php
ArticleEditorLazyPayloadController.php	addons/content/src/Http/Controllers/ArticleEditorLazyPayloadController.php
PublishDueItemOutcome.php	addons/publishing/src/Services/Publishing/PublishDueItemOutcome.php
CreateAiConnection.php	addons/ai-prompt/src/Filament/Resources/AiConnectionResource/Pages/CreateAiConnection.php
ArticlePublishFailed.php	addons/content-projects/src/Services/ContentProject/Application/Events/ArticlePublishFailed.php
ActionResult.php	addons/agent/src/Automation/Data/ActionResult.php
CreateKeyword.php	addons/search-intelligence/src/Filament/Resources/KeywordResource/Pages/CreateKeyword.php
ContentProjectRunBulkSyncService.php	addons/content-projects/src/Services/ContentProject/ContentProjectRunBulkSyncService.php
AutomationExportCommand.php	addons/agent/src/Console/AutomationExportCommand.php
RejectGscOpportunityCommand.php	addons/search-intelligence/src/Services/GscIntelligence/Application/Commands/RejectGscOpportunityCommand.php
ContentProjectErrorCenterService.php	addons/content-projects/src/Services/ContentProject/Operations/ContentProjectErrorCenterService.php
PromptHookSummaryService.php	addons/ai-prompt/src/Services/PromptOwnership/PromptHookSummaryService.php
AgentPackCompiler.php	addons/agent/src/Services/AgentWorkspace/Packs/AgentPackCompiler.php
AgentWorkspaceUiContext.php	addons/agent/src/Services/AgentWorkspace/AgentWorkspaceUiContext.php
ContentProjectWorkspaceSaveException.php	addons/content-projects/src/Services/ContentProject/ContentProjectWorkspaceSaveException.php
DetectGscOpportunitiesCommand.php	addons/search-intelligence/src/Services/GscIntelligence/Application/Commands/DetectGscOpportunitiesCommand.php
ManualWordPressSyncJob.php	addons/wordpress/src/Jobs/ManualWordPressSyncJob.php
ContentProjectItemActionGuard.php	addons/content-projects/src/Support/ContentProject/ContentProjectItemActionGuard.php
SeoProjectTaskSyncResult.php	addons/content-projects/src/Support/SeoProjectTaskSyncResult.php
SeoScoringSettingsService.php	addons/seo/src/Services/SeoScoringSettingsService.php
AgentExecutionRetry.php	addons/agent/src/Services/AgentWorkspace/Execution/Dtos/AgentExecutionRetry.php
SiteSyncSourceLabelPresenter.php	addons/site-sync/src/Services/Presentation/SiteSyncSourceLabelPresenter.php
ArticleSeoMetaUpdateParityPlanner.php	addons/agent/src/Automation/Migration/Planners/ArticleSeoMetaUpdateParityPlanner.php
SeoProjectTaskRepairService.php	addons/content-projects/src/Services/SeoProjectTaskRepairService.php
ContentProjectItemGenerationState.php	addons/content-projects/src/Enums/ContentProjectItemGenerationState.php
WorkflowExecutionSnapshot.php	addons/content-projects/src/Support/WorkflowExecutionSnapshot.php
KeywordResource.php	addons/search-intelligence/src/Filament/Resources/KeywordResource.php
AutomationSchedulerHeartbeatService.php	addons/agent/src/Automation/BusinessHook/Services/AutomationSchedulerHeartbeatService.php
RollbackSiteSyncToLegacyCommand.php	addons/site-sync/src/Services/Application/Commands/RollbackSiteSyncToLegacyCommand.php
ApplySerpIntentSuggestionCommand.php	addons/search-intelligence/src/Services/SerpIntelligence/Application/Commands/ApplySerpIntentSuggestionCommand.php
ContentProjectItemReviewState.php	addons/content-projects/src/Enums/ContentProjectItemReviewState.php
AutomationTriggerType.php	addons/agent/src/Automation/BusinessHook/Enums/AutomationTriggerType.php
ReviewAssignmentNotificationPublisher.php	addons/seo/src/Services/Notifications/Publishers/ReviewAssignmentNotificationPublisher.php
TaskTestContext.php	addons/content-projects/src/Support/TaskTestContext.php
SeoImageModelPriorityOptionsService.php	addons/media/src/Services/SeoImageModelPriorityOptionsService.php
SeoArticleProfileWriter.php	addons/seo/src/Services/SeoArticleProfileWriter.php
ApproveKeywordsHandler.php	addons/search-intelligence/src/Services/KeywordIntelligence/Application/Handlers/ApproveKeywordsHandler.php
AutomationRecoverStaleCommand.php	addons/agent/src/Console/AutomationRecoverStaleCommand.php
MarkProjectTaskCompletedAction.php	addons/agent/src/Automation/Actions/Project/MarkProjectTaskCompletedAction.php
SiteSyncCommandHandler.php	addons/site-sync/src/Services/Application/Handlers/SiteSyncCommandHandler.php
ArticlePromptRunHistoryService.php	addons/ai-prompt/src/Services/ArticlePromptRunHistoryService.php
PromptProviderCapabilities.php	addons/ai-prompt/src/PromptHooks/Provider/PromptProviderCapabilities.php
AutomationEventDispatchOutcome.php	addons/agent/src/Automation/BusinessHook/Enums/AutomationEventDispatchOutcome.php
AutomationRuleVersionMigrationService.php	addons/agent/src/Automation/BusinessHook/Services/AutomationRuleVersionMigrationService.php
ArticleRevisionController.php	addons/content/src/Http/Controllers/ArticleRevisionController.php
ProjectArticleSeoMetaCallerBridge.php	addons/agent/src/Automation/Migration/ProjectArticleSeoMetaCallerBridge.php
ContentProjectRunRecoverCommand.php	addons/content-projects/src/Console/ContentProjectRunRecoverCommand.php
RetryProjectItemPublishingCommand.php	addons/content-projects/src/Services/ContentProject/Application/Commands/RetryProjectItemPublishingCommand.php
TypographyValidationService.php	addons/media/src/Services/TypographyValidationService.php
PreviewSplitClusterFromSerpEvidenceHandler.php	addons/search-intelligence/src/Services/SerpIntelligence/Application/Handlers/PreviewSplitClusterFromSerpEvidenceHandler.php
ListDomains.php	addons/search-foundation/src/Filament/Resources/DomainResource/Pages/ListDomains.php
AcceptSerpContentGapHandler.php	addons/search-intelligence/src/Services/SerpIntelligence/Application/Handlers/AcceptSerpContentGapHandler.php
SerpEvidenceContentProjectPreviewAdapter.php	addons/search-intelligence/src/Services/SerpIntelligence/SerpEvidenceContentProjectPreviewAdapter.php
AgentPlanningOutputSanitizer.php	addons/agent/src/Services/AgentWorkspace/Planning/Security/AgentPlanningOutputSanitizer.php
SeoProjectRunItemService.php	addons/content-projects/src/Services/SeoProjectRunItemService.php
ArticleFaqWordPressRestoreService.php	addons/wordpress/src/Services/ArticleFaqWordPressRestoreService.php
PromptHookRequireAnyOf.php	addons/ai-prompt/src/PromptHooks/Support/PromptHookRequireAnyOf.php
IgnoreGscOpportunityHandler.php	addons/search-intelligence/src/Services/GscIntelligence/Application/Handlers/IgnoreGscOpportunityHandler.php
ArticleCompletedArchiveQueryService.php	addons/content/src/Services/ArticleCompletedArchiveQueryService.php
AutomationAuditEntryPointsCommand.php	addons/agent/src/Console/AutomationAuditEntryPointsCommand.php
AgentAutomationConditionResult.php	addons/agent/src/Services/AgentWorkspace/Automation/Data/AgentAutomationConditionResult.php
AggregateAgentMetricsJob.php	addons/agent/src/Jobs/AggregateAgentMetricsJob.php
SyncKeywordTopicClusterAction.php	addons/agent/src/Automation/Actions/Keyword/SyncKeywordTopicClusterAction.php
TypographyPipelineService.php	addons/media/src/Services/TypographyPipelineService.php
PreviewCreateContentProjectFromGscOpportunitiesCommand.php	addons/search-intelligence/src/Services/GscIntelligence/Application/Commands/PreviewCreateContentProjectFromGscOpportunitiesCommand.php
DetectGscOpportunitiesHandler.php	addons/search-intelligence/src/Services/GscIntelligence/Application/Handlers/DetectGscOpportunitiesHandler.php
ProjectArticleCreateCallerBridge.php	addons/agent/src/Automation/Migration/ProjectArticleCreateCallerBridge.php
SeoProductGalleryChildAttempt.php	addons/commerce/src/Models/SeoProductGalleryChildAttempt.php
AgentAutomationRunResult.php	addons/agent/src/Services/AgentWorkspace/Automation/Data/AgentAutomationRunResult.php
ViewAutomationExecution.php	addons/agent/src/Filament/Resources/AutomationExecutionResource/Pages/ViewAutomationExecution.php
AutomationSnapshotRedactor.php	addons/agent/src/Automation/BusinessHook/Support/AutomationSnapshotRedactor.php
ArticleReviewActionType.php	addons/content/src/Enums/ArticleReviewActionType.php
ResolvesSettingsPromptHook.php	addons/seo/src/Contracts/ResolvesSettingsPromptHook.php
AutomationImportCommand.php	addons/agent/src/Console/AutomationImportCommand.php
WordPressMediaLibraryService.php	addons/wordpress/src/Services/WordPressMediaLibraryService.php
CleanCtaKeywordsCommand.php	addons/search-foundation/src/Console/CleanCtaKeywordsCommand.php
UnblockProjectItemGenerationHandler.php	addons/content-projects/src/Services/ContentProject/Application/Handlers/UnblockProjectItemGenerationHandler.php
CtaKeywordBlacklistFilter.php	addons/seo/src/Support/CtaKeywordBlacklistFilter.php
ArticleGenerationLengthValidator.php	addons/content/src/Support/ArticleGenerationLengthValidator.php
GscImportPreviewService.php	addons/search-intelligence/src/Services/GscIntelligence/GscImportPreviewService.php
SiteCapabilityResolver.php	addons/site-sync/src/Services/Capability/SiteCapabilityResolver.php
BuildTopicalMapHandler.php	addons/search-intelligence/src/Services/KeywordIntelligence/Application/Handlers/BuildTopicalMapHandler.php
WorkflowRoleMigrationSuggester.php	addons/content-projects/src/Services/WorkflowRoles/WorkflowRoleMigrationSuggester.php
SetDynamicSeoDatabase.php	addons/search-foundation/src/Http/Middleware/SetDynamicSeoDatabase.php
KeywordPersistenceService.php	addons/search-foundation/src/Services/KeywordPersistenceService.php
SeoSqlStreamParser.php	addons/search-foundation/src/Support/SeoSqlStreamParser.php
SerpOverlapBand.php	addons/search-intelligence/src/Services/SerpIntelligence/Enums/SerpOverlapBand.php
ReviewSerpContentGapCommand.php	addons/search-intelligence/src/Services/SerpIntelligence/Application/Commands/ReviewSerpContentGapCommand.php
SeoAgentPackRevision.php	addons/agent/src/Models/AgentWorkspace/SeoAgentPackRevision.php
KeywordIntelligenceTenantGuard.php	addons/search-intelligence/src/Services/KeywordIntelligence/Application/Support/KeywordIntelligenceTenantGuard.php
ContentProjectAgentPlanExecutor.php	addons/content-projects/src/Services/ContentProject/Agent/Planner/ContentProjectAgentPlanExecutor.php
SeoPanelResource.php	addons/seo/src/Filament/Resources/SeoPanelResource.php
ActionSelectability.php	addons/agent/src/Automation/Enums/ActionSelectability.php
SeoAgentPack.php	addons/agent/src/Models/AgentWorkspace/SeoAgentPack.php
AgentReviewService.php	addons/agent/src/Services/AgentWorkspace/Observability/AgentReviewService.php
PromptHookSettingsResolver.php	addons/ai-prompt/src/PromptHooks/PromptHookSettingsResolver.php
ProductGalleryGenerationModeResolver.php	addons/commerce/src/Services/ProductGallery/ProductGalleryGenerationModeResolver.php
AgentPlanningRequest.php	addons/agent/src/Services/AgentWorkspace/Planning/Data/AgentPlanningRequest.php
SeoRankKeywordGroupItem.php	addons/search-intelligence/src/Models/SeoRankKeywordGroupItem.php
GenerationBatchNotificationPublisher.php	addons/seo/src/Services/Notifications/Publishers/GenerationBatchNotificationPublisher.php
TypographyComplexityParser.php	addons/media/src/Services/TypographyComplexityParser.php
ArticleMetaCleanupCommand.php	addons/content/src/Console/ArticleMetaCleanupCommand.php
AiConnectionResource.php	addons/ai-prompt/src/Filament/Resources/AiConnectionResource.php
ProductGalleryGlobalContext.php	addons/media/src/Support/ProductGallery/ProductGalleryGlobalContext.php
SeoArticleWpSyncJob.php	addons/wordpress/src/Models/SeoArticleWpSyncJob.php
ProductGalleryCanaryPage.php	addons/commerce/src/Filament/Pages/ProductGalleryCanaryPage.php
SeoProductGalleryExecution.php	addons/commerce/src/Models/SeoProductGalleryExecution.php
ProductGalleryParentChildCoordinator.php	addons/commerce/src/Services/ProductGallery/ProductGalleryParentChildCoordinator.php
CtaLinkFormatter.php	addons/seo/src/Support/CtaLinkFormatter.php
CancelSiteSyncCommand.php	addons/site-sync/src/Services/Application/Commands/CancelSiteSyncCommand.php
ArticleEditorSessionService.php	addons/content/src/Services/ArticleEditor/ArticleEditorSessionService.php
SeoLinkTriageQuery.php	addons/seo/src/Support/SeoLinkTriageQuery.php
ContentProjectGeneratePendingPreview.php	addons/content-projects/src/Services/ContentProject/ContentProjectGeneratePendingPreview.php
ArticleMetaMap.php	addons/content/src/Support/ArticleMetaMap.php
PromptHookFormSchema.php	addons/ai-prompt/src/PromptHooks/PromptHookFormSchema.php
GoogleSearchConsoleOAuthService.php	addons/search-intelligence/src/Services/GoogleSearchConsoleOAuthService.php
ProductGalleryPlan.php	addons/media/src/Support/ProductGallery/ProductGalleryPlan.php
KeywordTopicClusterRelationship.php	addons/search-intelligence/src/Enums/KeywordIntelligence/KeywordTopicClusterRelationship.php
SiteSyncComparisonService.php	addons/site-sync/src/Services/Comparison/SiteSyncComparisonService.php
SiteSyncCutoverReadinessService.php	addons/site-sync/src/Services/Orchestration/SiteSyncCutoverReadinessService.php
PerformanceHubSectionKey.php	addons/seo/src/Enums/PerformanceHubSectionKey.php
ArticleRunSeoAnalysisHookAction.php	addons/agent/src/Automation/BusinessHook/Actions/ArticleRunSeoAnalysisHookAction.php
CollectSerpSnapshotsCommand.php	addons/search-intelligence/src/Services/SerpIntelligence/Application/Commands/CollectSerpSnapshotsCommand.php
ActionExecutionLogger.php	addons/agent/src/Automation/Runtime/ActionExecutionLogger.php
AbstractPublishingHandler.php	addons/content-projects/src/Services/ContentProject/Application/Handlers/AbstractPublishingHandler.php
MediaImageEditor.php	addons/media/src/Filament/Pages/MediaImageEditor.php
ReviewTopicalMapHandler.php	addons/search-intelligence/src/Services/KeywordIntelligence/Application/Handlers/ReviewTopicalMapHandler.php
KeywordTopicalMapMode.php	addons/search-intelligence/src/Enums/KeywordIntelligence/KeywordTopicalMapMode.php
AutomationAuditWordpressCouplingCommand.php	addons/wordpress/src/Console/AutomationAuditWordpressCouplingCommand.php
AiModelsNotReadyException.php	addons/seo/src/Exceptions/AiModelsNotReadyException.php
RebuildGscAggregatesHandler.php	addons/search-intelligence/src/Services/GscIntelligence/Application/Handlers/RebuildGscAggregatesHandler.php
NullProductGalleryParentChildAiPort.php	addons/commerce/src/Services/ProductGallery/NullProductGalleryParentChildAiPort.php
KeywordReviewController.php	addons/search-foundation/src/Http/Controllers/KeywordReviewController.php
MediaServiceProvider.php	addons/media/src/MediaServiceProvider.php
SeoAuditKeywordFlagService.php	addons/seo/src/Services/SeoAuditKeywordFlagService.php
TopicalMapBuildRequest.php	addons/search-intelligence/src/Services/KeywordIntelligence/Dto/TopicalMapBuildRequest.php
AttachArticleToProjectTaskAction.php	addons/agent/src/Automation/Actions/Project/AttachArticleToProjectTaskAction.php
ContentProjectRerunEligibilityGuard.php	addons/content-projects/src/Services/ContentProject/Application/Support/ContentProjectRerunEligibilityGuard.php
CreateSerpQueriesCommand.php	addons/search-intelligence/src/Services/SerpIntelligence/Application/Commands/CreateSerpQueriesCommand.php
SiteSyncStagingWriter.php	addons/site-sync/src/Services/Inbound/SiteSyncStagingWriter.php
ArticleQuickPostReviewService.php	addons/content/src/Services/ArticleQuickPostReviewService.php
ArticlePipelineDefinition.php	addons/content/src/Extension/Builtin/ContentPipelines/Definitions/ArticlePipelineDefinition.php
ContentProjectAgentMcpController.php	addons/content-projects/src/Http/Controllers/Api/V1/ContentProjectAgentMcpController.php
ActionContext.php	addons/agent/src/Automation/Data/ActionContext.php
ArticleWritingInputFormatter.php	addons/content/src/Services/ArticleWritingInputFormatter.php
WordPressSideEffectLedger.php	addons/wordpress/src/Services/SideEffect/WordPressSideEffectLedger.php
SeoProjectRunPreflightService.php	addons/content-projects/src/Services/SeoProjectRunPreflightService.php
PreviewBootstrapSiteSyncCommand.php	addons/site-sync/src/Services/Application/Commands/PreviewBootstrapSiteSyncCommand.php
GlobalAiChatController.php	addons/ai-prompt/src/Http/Controllers/GlobalAiChatController.php
ContentProjectItemAction.php	addons/content-projects/src/Enums/ContentProjectItemAction.php
CreateKeywordWorkspaceCommand.php	addons/search-intelligence/src/Services/KeywordIntelligence/Application/Commands/CreateKeywordWorkspaceCommand.php
KeywordTopicalMapToContentProjectConverter.php	addons/search-intelligence/src/Services/KeywordIntelligence/KeywordTopicalMapToContentProjectConverter.php
SearchIntelligenceServiceProvider.php	addons/search-intelligence/src/SearchIntelligenceServiceProvider.php
BusinessEventName.php	addons/agent/src/Automation/BusinessHook/Enums/BusinessEventName.php
ValidateClusterWithSerpHandler.php	addons/search-intelligence/src/Services/SerpIntelligence/Application/Handlers/ValidateClusterWithSerpHandler.php
ProductGalleryCanaryReadinessService.php	addons/commerce/src/Services/ProductGallery/ProductGalleryCanaryReadinessService.php
AutomationParitySampleRecorder.php	addons/agent/src/Automation/Migration/AutomationParitySampleRecorder.php
ArticleAiHistoryApplyService.php	addons/content/src/Services/ArticleAiHistory/ArticleAiHistoryApplyService.php
SiteSyncOperationsCenter.php	addons/site-sync/src/Filament/Pages/SiteSyncOperationsCenter.php
ContentPublisherRegistry.php	addons/publishing/src/Application/Publishing/ContentPublisherRegistry.php
EditorWorkflowExecutionService.php	addons/content/src/Services/EditorWorkflowExecutionService.php
RerunProjectItemStepCommand.php	addons/content-projects/src/Services/ContentProject/Application/Commands/RerunProjectItemStepCommand.php
SplitKeywordClusterHandler.php	addons/search-intelligence/src/Services/KeywordIntelligence/Application/Handlers/SplitKeywordClusterHandler.php
ArticleEditorAnalysisPolicyService.php	addons/content/src/Services/ArticleEditor/ArticleEditorAnalysisPolicyService.php
ApplyAgentRetentionJob.php	addons/agent/src/Jobs/ApplyAgentRetentionJob.php
GscProjectItemPerformanceState.php	addons/search-intelligence/src/Enums/Gsc/GscProjectItemPerformanceState.php
ContentProjectArchiveExportService.php	addons/content-projects/src/Services/ContentProjectArchiveExportService.php
AcknowledgeProjectItemGenerationErrorCommand.php	addons/content-projects/src/Services/ContentProject/Application/Commands/AcknowledgeProjectItemGenerationErrorCommand.php
GenericAgentResultRenderer.php	addons/agent/src/Services/AgentWorkspace/Execution/Rendering/GenericAgentResultRenderer.php
AgentPlanTriggerType.php	addons/content-projects/src/Services/ContentProject/Agent/Planner/AgentPlanTriggerType.php
SeoNotificationService.php	addons/seo/src/Services/SeoNotificationService.php
AutomationEventDispatcher.php	addons/agent/src/Automation/Contracts/AutomationEventDispatcher.php
InvalidSectionOutput.php	addons/ai-prompt/src/PromptHooks/Exceptions/InvalidSectionOutput.php
ConfigPromptCostEstimator.php	addons/ai-prompt/src/PromptHooks/Provider/ConfigPromptCostEstimator.php
ContentProjectScheduledDefinition.php	addons/content-projects/src/Support/ContentProject/ContentProjectScheduledDefinition.php
SeoOverviewSettingsService.php	addons/seo/src/Services/SeoOverviewSettingsService.php
SitePolylangService.php	addons/wordpress/src/Services/SitePolylangService.php
AgentMetricAggregator.php	addons/agent/src/Services/AgentWorkspace/Observability/AgentMetricAggregator.php
WorkflowExecutionRoleRegistry.php	addons/content-projects/src/Services/WorkflowRoles/WorkflowExecutionRoleRegistry.php
BuiltinSkillCatalog.php	addons/agent/src/Services/AgentWorkspace/Skills/BuiltinSkillCatalog.php
AutomationRuleNode.php	addons/agent/src/Automation/BusinessHook/Models/AutomationRuleNode.php
ViewArticlePrompts.php	addons/content/src/Filament/Resources/ArticleResource/Pages/ViewArticlePrompts.php
KeywordDuplicateResolver.php	addons/search-intelligence/src/Services/KeywordIntelligence/KeywordDuplicateResolver.php
PipelineStepDriver.php	addons/agent/src/Extension/Contracts/PipelineStepDriver.php
ProviderFailed.php	addons/ai-prompt/src/PromptHooks/Exceptions/ProviderFailed.php
UnblockProjectItemGenerationCommand.php	addons/content-projects/src/Services/ContentProject/Application/Commands/UnblockProjectItemGenerationCommand.php
DatabaseAgentKnowledgeIndex.php	addons/agent/src/Services/AgentWorkspace/Knowledge/Services/DatabaseAgentKnowledgeIndex.php
ContentProjectArchived.php	addons/content-projects/src/Services/ContentProject/Application/Events/ContentProjectArchived.php
PromptHookLiveShadowGate.php	addons/ai-prompt/src/PromptHooks/Runtime/PromptHookLiveShadowGate.php
ResolveGscOpportunityCommand.php	addons/search-intelligence/src/Services/GscIntelligence/Application/Commands/ResolveGscOpportunityCommand.php
AgentWorkspaceContext.php	addons/agent/src/Services/AgentWorkspace/Dtos/AgentWorkspaceContext.php
AgentKnowledgeFreshnessService.php	addons/agent/src/Services/AgentWorkspace/Knowledge/Services/AgentKnowledgeFreshnessService.php
ConversationalAgentFlowService.php	addons/agent/src/Services/AgentWorkspace/ConversationalAgentFlowService.php
AutomationConditionRegistry.php	addons/agent/src/Automation/Platform/Registry/AutomationConditionRegistry.php
SeoMediaMeta.php	addons/media/src/Models/SeoMediaMeta.php
ContentProjectItemsScheduled.php	addons/content-projects/src/Services/ContentProject/Application/Events/ContentProjectItemsScheduled.php
GscManualImportService.php	addons/search-intelligence/src/Services/GscIntelligence/GscManualImportService.php
QuickSplitCanvasValidator.php	addons/seo/src/Support/QuickSplitCanvasValidator.php
ProductGalleryPlanParser.php	addons/commerce/src/Services/ProductGallery/ProductGalleryPlanParser.php
PublishingArticleState.php	addons/publishing/src/Models/PublishingArticleState.php
AutomationMigrateLinearToGraphCommand.php	addons/agent/src/Console/AutomationMigrateLinearToGraphCommand.php
AgentQualityGateService.php	addons/agent/src/Services/AgentWorkspace/Observability/Evaluation/AgentQualityGateService.php
ApplySerpContentActionSuggestionHandler.php	addons/search-intelligence/src/Services/SerpIntelligence/Application/Handlers/ApplySerpContentActionSuggestionHandler.php
SiteMcpPreview.php	addons/search-foundation/src/Services/SiteMcp/SiteMcpPreview.php
VisionValidationModelRouter.php	addons/ai-prompt/src/Support/VisionValidationModelRouter.php
AutomationGraphRuleService.php	addons/agent/src/Automation/BusinessHook/Services/AutomationGraphRuleService.php
SerpFeatureType.php	addons/search-intelligence/src/Enums/Serp/SerpFeatureType.php
ArticleMediaStateWriter.php	addons/media/src/Services/ArticleMediaStateWriter.php
KeywordIntentResult.php	addons/search-intelligence/src/Services/KeywordIntelligence/Dto/KeywordIntentResult.php
PromptHookPromptAssembler.php	addons/ai-prompt/src/PromptHooks/PromptHookPromptAssembler.php
KeywordSerpChangeAnalysisService.php	addons/search-intelligence/src/Services/KeywordSerpChangeAnalysisService.php
ArticleContentConflictGuard.php	addons/agent/src/Automation/Support/ArticleContentConflictGuard.php
WordPressPluginDomainsOverviewService.php	addons/wordpress/src/Services/WordPressPluginDomainsOverviewService.php
SerpImportSnapshotService.php	addons/search-intelligence/src/Services/SerpIntelligence/SerpImportSnapshotService.php
SetTopicRelationshipCommand.php	addons/search-intelligence/src/Services/KeywordIntelligence/Application/Commands/SetTopicRelationshipCommand.php
DomainLinkListEditorService.php	addons/seo/src/Services/DomainLinkListEditorService.php
SourceAwareAfterCommit.php	addons/content/src/Support/SourceAwareAfterCommit.php
WorkflowExecutionRole.php	addons/content-projects/src/Enums/WorkflowExecutionRole.php
PublishingWordPressReconciler.php	addons/publishing/src/Application/Publishing/PublishingWordPressReconciler.php
ArticleEditorMediaMutationService.php	addons/content/src/Services/ArticleEditor/ArticleEditorMediaMutationService.php
SiteSyncHeartbeatService.php	addons/site-sync/src/Services/Observability/SiteSyncHeartbeatService.php
KeywordMetaRepository.php	addons/search-foundation/src/Services/KeywordMetaRepository.php
SyncArticleToWordPressHookAction.php	addons/agent/src/Automation/BusinessHook/Actions/SyncArticleToWordPressHookAction.php
KeywordReviewSource.php	addons/search-intelligence/src/Enums/KeywordReviewSource.php
AutomationFlowCatalog.php	addons/agent/src/Automation/Presentation/AutomationFlowCatalog.php
SeoMainDomainService.php	addons/seo/src/Services/SeoMainDomainService.php
EnterSiteSyncShadowModeCommand.php	addons/site-sync/src/Services/Application/Commands/EnterSiteSyncShadowModeCommand.php
SplitResult.php	addons/media/src/Support/ProductGallery/SplitResult.php
PromptHookCompositionPreviewService.php	addons/ai-prompt/src/PromptHooks/Runtime/PromptHookCompositionPreviewService.php
AttachClusterToTopicCommand.php	addons/search-intelligence/src/Services/KeywordIntelligence/Application/Commands/AttachClusterToTopicCommand.php
ContentProjectMonthContext.php	addons/content-projects/src/Support/ContentProject/ContentProjectMonthContext.php
PromptResource.php	addons/ai-prompt/src/Filament/Resources/PromptResource.php
WorkflowTagExtractorService.php	addons/ai-prompt/src/Services/WorkflowTagExtractorService.php
SeoKiKeyword.php	addons/search-intelligence/src/Models/KeywordIntelligence/SeoKiKeyword.php
SeoTopicClusterLink.php	addons/search-intelligence/src/Models/KeywordIntelligence/SeoTopicClusterLink.php
PromptHookSpecTemplateRenderer.php	addons/ai-prompt/src/PromptHooks/Spec/PromptHookSpecTemplateRenderer.php
WordpressArticleLinkWriter.php	addons/wordpress/src/Services/WordpressArticleLinkWriter.php
AssignWorkflowExecutionRolesCommand.php	addons/content-projects/src/Console/AssignWorkflowExecutionRolesCommand.php
PromptHookLocaleResolver.php	addons/ai-prompt/src/PromptHooks/Spec/PromptHookLocaleResolver.php
AgentConfirmationTokenService.php	addons/agent/src/Services/AgentWorkspace/Execution/AgentConfirmationTokenService.php
KnowledgeSkills.php	addons/agent/src/Services/AgentWorkspace/Skills/KnowledgeSkills.php
SeoAgentAutomationState.php	addons/agent/src/Models/AgentWorkspace/SeoAgentAutomationState.php
SkipProjectItemPublishingCommand.php	addons/content-projects/src/Services/ContentProject/Application/Commands/SkipProjectItemPublishingCommand.php
Keyword.php	addons/search-foundation/src/Models/Keyword.php
AutomationGraphValidator.php	addons/agent/src/Automation/BusinessHook/Support/AutomationGraphValidator.php
WorkflowKeywordResearchService.php	addons/seo/src/Services/WorkflowKeywordResearchService.php
AgentWorkspaceQuotaService.php	addons/agent/src/Services/AgentWorkspace/AgentWorkspaceQuotaService.php
ArticleCreateOriginResolver.php	addons/agent/src/Automation/Support/ArticleCreateOriginResolver.php
KeywordMetricStatus.php	addons/search-foundation/src/Enums/KeywordMetricStatus.php
PromptHookRuntimeResult.php	addons/ai-prompt/src/PromptHooks/Runtime/PromptHookRuntimeResult.php
ProductGalleryModeResolution.php	addons/media/src/Support/ProductGallery/ProductGalleryModeResolution.php
IgnoreGscOpportunityCommand.php	addons/search-intelligence/src/Services/GscIntelligence/Application/Commands/IgnoreGscOpportunityCommand.php
ContentProjectActiveExecutionRepairService.php	addons/content-projects/src/Services/ContentProject/ContentProjectActiveExecutionRepairService.php
AgentObservabilityRedactor.php	addons/agent/src/Services/AgentWorkspace/Observability/AgentObservabilityRedactor.php
TopicClusterMapService.php	addons/search-intelligence/src/Services/TopicClusterMapService.php
FaqManualExtractException.php	addons/seo/src/Exceptions/FaqManualExtractException.php
KeywordCannibalizationService.php	addons/search-foundation/src/Services/KeywordCannibalizationService.php;addons/search-intelligence/src/Services/KeywordIntelligence/KeywordCannibalizationService.php
ArticleReviewActionRequest.php	addons/content/src/Http/Requests/ArticleReviewActionRequest.php
KeywordLinkTargetResolver.php	addons/search-foundation/src/Services/KeywordLinkTargetResolver.php
SocialServiceProvider.php	addons/social/src/SocialServiceProvider.php
ViewDomainMcp.php	addons/search-foundation/src/Filament/Resources/DomainResource/Pages/ViewDomainMcp.php
KeywordWorkspaceAnalysisService.php	addons/search-intelligence/src/Services/KeywordIntelligence/KeywordWorkspaceAnalysisService.php
ArticleEditorOperationController.php	addons/content/src/Http/Controllers/ArticleEditorOperationController.php
IncrementalDomainSyncCache.php	addons/search-foundation/src/Support/IncrementalDomainSyncCache.php
AiImageResult.php	addons/media/src/Extension/Contracts/Ai/AiImageResult.php
MoveTopicCommand.php	addons/search-intelligence/src/Services/KeywordIntelligence/Application/Commands/MoveTopicCommand.php
ProcessSiteSyncInboundEventJob.php	addons/site-sync/src/Jobs/SiteSync/ProcessSiteSyncInboundEventJob.php
ContentProjectAgentPlanner.php	addons/content-projects/src/Services/ContentProject/Agent/Planner/ContentProjectAgentPlanner.php
BusinessAction.php	addons/agent/src/Automation/Contracts/BusinessAction.php
CreatePrompt.php	addons/ai-prompt/src/Filament/Resources/PromptResource/Pages/CreatePrompt.php
ArticlePendingInternalLinkService.php	addons/content/src/Services/ArticlePendingInternalLinkService.php
ListArticleAiHistoryCommand.php	addons/content/src/Services/ArticleAiHistory/Application/Commands/ListArticleAiHistoryCommand.php
ContentProjectActiveExecution.php	addons/content-projects/src/Support/ContentProject/ContentProjectActiveExecution.php
SeoKeywordProjectConversion.php	addons/search-intelligence/src/Models/KeywordIntelligence/SeoKeywordProjectConversion.php
ContentProjectPlanGenerator.php	addons/content-projects/src/Services/ContentProject/Agent/Planner/ContentProjectPlanGenerator.php
PersistsDomainPromptContext.php	addons/ai-prompt/src/Filament/Resources/DomainResource/Pages/Concerns/PersistsDomainPromptContext.php
ContentProjectPublicRef.php	addons/content-projects/src/Services/ContentProject/Application/ContentProjectPublicRef.php
ImageContentSignatureSampler.php	addons/media/src/Support/ImageContentSignatureSampler.php
ContentProjectOperationLogger.php	addons/content-projects/src/Services/ContentProject/Application/Support/ContentProjectOperationLogger.php
ObservingAgentPlanningOrchestrator.php	addons/agent/src/Services/AgentWorkspace/Observability/Decorators/ObservingAgentPlanningOrchestrator.php
ProductGalleryReferenceImageResolver.php	addons/commerce/src/Services/ProductGallery/ProductGalleryReferenceImageResolver.php
SeoSettingsScoring.php	addons/seo/src/Filament/Pages/SeoSettingsScoring.php
ProductGalleryParentChildCanaryCommand.php	addons/media/src/Console/ProductGalleryParentChildCanaryCommand.php
SensitivePayloadRedactor.php	addons/agent/src/Automation/Support/SensitivePayloadRedactor.php
PromptProviderResponse.php	addons/ai-prompt/src/PromptHooks/Provider/PromptProviderResponse.php
ProductReviewsQueuePendingCommand.php	addons/publishing/src/Console/ProductReviewsQueuePendingCommand.php
ApiConnectionsListService.php	addons/ai-prompt/src/Services/ApiConnectionsListService.php
ContentProjectRunStatusCommand.php	addons/content-projects/src/Console/ContentProjectRunStatusCommand.php
CancelProjectItemPublishingCommand.php	addons/content-projects/src/Services/ContentProject/Application/Commands/CancelProjectItemPublishingCommand.php
PreviewSplitClusterFromSerpEvidenceCommand.php	addons/search-intelligence/src/Services/SerpIntelligence/Application/Commands/PreviewSplitClusterFromSerpEvidenceCommand.php
GscCannibalizationType.php	addons/search-intelligence/src/Enums/Gsc/GscCannibalizationType.php
SiteSyncStepRunner.php	addons/site-sync/src/Services/Orchestration/SiteSyncStepRunner.php
AgentExecutionCancellation.php	addons/agent/src/Services/AgentWorkspace/Execution/Dtos/AgentExecutionCancellation.php
AbstractKeywordIntelligenceHandler.php	addons/search-intelligence/src/Services/KeywordIntelligence/Application/Handlers/AbstractKeywordIntelligenceHandler.php
ImageCapability.php	addons/media/src/Support/ImageCapability.php
SerpApiProvider.php	addons/search-intelligence/src/Providers/Serp/SerpApiProvider.php
ArticlesOptimal.php	addons/content/src/Filament/Pages/ArticlesOptimal.php
SiteSyncStepClaimResult.php	addons/site-sync/src/Services/Orchestration/SiteSyncStepClaimResult.php
KeywordRankSnapshot.php	addons/search-intelligence/src/Models/KeywordRankSnapshot.php
CommentReviewRatingAssigner.php	addons/seo/src/Support/CommentReviewRatingAssigner.php
ArticleSeoScorePreviewRequest.php	addons/seo/src/Http/Requests/ArticleSeoScorePreviewRequest.php
SiteSyncReconciliationService.php	addons/site-sync/src/Services/Reconciliation/SiteSyncReconciliationService.php
ListAiConnections.php	addons/ai-prompt/src/Filament/Resources/AiConnectionResource/Pages/ListAiConnections.php
AgentSummarizationRequest.php	addons/agent/src/Services/AgentWorkspace/Planning/Data/AgentSummarizationRequest.php
AgentMemoryCandidate.php	addons/agent/src/Services/AgentWorkspace/Knowledge/Data/AgentMemoryCandidate.php
PromptHookLimits.php	addons/ai-prompt/src/PromptHooks/Canonical/PromptHookLimits.php
SiteSyncCutoverScorecardService.php	addons/site-sync/src/Services/Cutover/SiteSyncCutoverScorecardService.php
EditPrompt.php	addons/ai-prompt/src/Filament/Resources/PromptResource/Pages/EditPrompt.php
MediaLibraryArticleResolver.php	addons/media/src/Services/MediaLibraryArticleResolver.php
ArchiveSerpQueriesHandler.php	addons/search-intelligence/src/Services/SerpIntelligence/Application/Handlers/ArchiveSerpQueriesHandler.php
SeoSerpClusterEvidence.php	addons/search-intelligence/src/Models/SeoSerpClusterEvidence.php
AgentAutomationRunStateMachine.php	addons/agent/src/Services/AgentWorkspace/Automation/Services/AgentAutomationRunStateMachine.php
GscSyncLockService.php	addons/search-intelligence/src/Services/GscIntelligence/GscSyncLockService.php
CreateProductReviewsHookAction.php	addons/agent/src/Automation/BusinessHook/Actions/CreateProductReviewsHookAction.php
ManualWordPressContext.php	addons/wordpress/src/Services/SideEffect/ManualWordPressContext.php
SplitKeywordClusterCommand.php	addons/search-intelligence/src/Services/KeywordIntelligence/Application/Commands/SplitKeywordClusterCommand.php
ArticleWritingPromptOwnerType.php	addons/ai-prompt/src/Enums/ArticleWritingPromptOwnerType.php
GscDevice.php	addons/search-intelligence/src/Enums/Gsc/GscDevice.php
SeoPromptSettingsOptionsService.php	addons/ai-prompt/src/Services/SeoPromptSettingsOptionsService.php
AgentEvaluationRunner.php	addons/agent/src/Services/AgentWorkspace/Observability/Evaluation/AgentEvaluationRunner.php
ContentProjectDraftOpsDefinition.php	addons/content-projects/src/Support/ContentProject/ContentProjectDraftOpsDefinition.php
ArticlePostContentFaqPlaceholder.php	addons/content/src/Services/ArticlePostContentFaqPlaceholder.php
SeoArticleAiHistoryTombstone.php	addons/content/src/Models/SeoArticleAiHistoryTombstone.php
SerpRankRequest.php	addons/content/src/DataTransfer/SerpRankRequest.php
SerpTrackedDomainMatcherService.php	addons/search-intelligence/src/Services/SerpTrackedDomainMatcherService.php
LinkMapStatusAuditService.php	addons/seo/src/Services/LinkMapStatusAuditService.php
AgentKnowledgeConflictResolver.php	addons/agent/src/Services/AgentWorkspace/Knowledge/Services/AgentKnowledgeConflictResolver.php
AutomationSchedulerHeartbeat.php	addons/agent/src/Automation/BusinessHook/Models/AutomationSchedulerHeartbeat.php
ContentProjectItemDto.php	addons/content-projects/src/Services/ContentProject/Application/Dtos/ContentProjectItemDto.php
AgentAutomationOrchestrator.php	addons/agent/src/Services/AgentWorkspace/Automation/Contracts/AgentAutomationOrchestrator.php
KeywordExistingContentIndex.php	addons/search-intelligence/src/Services/KeywordIntelligence/KeywordExistingContentIndex.php
SeoProjectTaskUniqueWriter.php	addons/content-projects/src/Services/SeoProjectTaskUniqueWriter.php
PromptHookRuntimeRegistry.php	addons/ai-prompt/src/PromptHooks/Runtime/PromptHookRuntimeRegistry.php
CreateArticlesFromTaskService.php	addons/content-projects/src/Services/CreateArticlesFromTaskService.php
AgentCapabilityInventory.php	addons/agent/src/Services/AgentWorkspace/V1/AgentCapabilityInventory.php
ProviderKeywordReconciler.php	addons/site-sync/src/Services/Reconciliation/ProviderKeywordReconciler.php
SeoSerpProviderConnection.php	addons/search-intelligence/src/Models/SeoSerpProviderConnection.php
SerpPageEvidenceExtractor.php	addons/search-intelligence/src/Services/SerpIntelligence/SerpPageEvidenceExtractor.php
SeoProjectWorkflowStepCatalogService.php	addons/content-projects/src/Services/SeoProjectWorkflowStepCatalogService.php
PromptHookRuntimeOutputPipeline.php	addons/ai-prompt/src/PromptHooks/Output/PromptHookRuntimeOutputPipeline.php
PromptWorkspaceCleaner.php	addons/content-projects/src/Services/ContentProject/Workspace/Cleaners/PromptWorkspaceCleaner.php
CancelTopicalMapBuildHandler.php	addons/search-intelligence/src/Services/KeywordIntelligence/Application/Handlers/CancelTopicalMapBuildHandler.php
RerunProjectItemsHandler.php	addons/content-projects/src/Services/ContentProject/Application/Handlers/RerunProjectItemsHandler.php
SeoMediaLibraryService.php	addons/media/src/Services/SeoMediaLibraryService.php
ArticleEditorDocumentWriter.php	addons/content/src/Services/ArticleEditor/Document/ArticleEditorDocumentWriter.php
GscSyncDateRangeService.php	addons/search-intelligence/src/Services/GscIntelligence/GscSyncDateRangeService.php
ArticleEditorDocumentHtmlIngest.php	addons/content/src/Services/ArticleEditor/Document/ArticleEditorDocumentHtmlIngest.php
AddContentProjectItemsCommand.php	addons/content-projects/src/Services/ContentProject/Application/Commands/AddContentProjectItemsCommand.php
ExistingArticleWritingSourceProvider.php	addons/content/src/Services/ArticleWriting/ExistingArticleWritingSourceProvider.php
AutomationRuleVersionNode.php	addons/agent/src/Automation/BusinessHook/Models/AutomationRuleVersionNode.php
WordPressPluginWidget.php	addons/wordpress/src/Filament/Widgets/WordPressPluginWidget.php
ApplySerpPageTypeSuggestionHandler.php	addons/search-intelligence/src/Services/SerpIntelligence/Application/Handlers/ApplySerpPageTypeSuggestionHandler.php
WorkspaceFallbackRegistry.php	addons/site-sync/src/Services/Fallback/WorkspaceFallbackRegistry.php
PipelineDefinitionInterface.php	addons/agent/src/Extension/Contracts/PipelineDefinitionInterface.php
SeoProjectTaskCanonicalResolver.php	addons/content-projects/src/Support/SeoProjectTaskCanonicalResolver.php
CreateTag.php	addons/content/src/Filament/Resources/TagResource/Pages/CreateTag.php
AutomationPlatformKernel.php	addons/agent/src/Automation/Platform/AutomationPlatformKernel.php
ContentPublishingStrategyResolver.php	addons/publishing/src/Services/Publishing/ContentPublishingStrategyResolver.php
ProductGalleryParentChildDispatchService.php	addons/commerce/src/Services/ProductGallery/ProductGalleryParentChildDispatchService.php
SeoAutomationModuleProvider.php	addons/agent/src/Automation/Modules/Seo/SeoAutomationModuleProvider.php
ArchiveProjectItemsHandler.php	addons/content-projects/src/Services/ContentProject/Application/Handlers/ArchiveProjectItemsHandler.php
ResumeProjectItemFromFailedStepHandler.php	addons/content-projects/src/Services/ContentProject/Application/Handlers/ResumeProjectItemFromFailedStepHandler.php
PublishingStaleStateRepairer.php	addons/publishing/src/Services/Publishing/PublishingStaleStateRepairer.php
ArchiveKeywordWorkspaceHandler.php	addons/search-intelligence/src/Services/KeywordIntelligence/Application/Handlers/ArchiveKeywordWorkspaceHandler.php
ExecutionWorkspaceCleaner.php	addons/content-projects/src/Services/ContentProject/Workspace/Cleaners/ExecutionWorkspaceCleaner.php
MenuItemDefinition.php	addons/agent/src/Automation/Platform/Data/MenuItemDefinition.php
SiteSyncInboundGateway.php	addons/site-sync/src/Services/Inbound/SiteSyncInboundGateway.php
AutomationGraphExecutionService.php	addons/agent/src/Automation/BusinessHook/Services/AutomationGraphExecutionService.php
ExtensionEventBus.php	addons/agent/src/Extension/ExtensionEventBus.php
SeoWatermarkOverlayRatioCatalog.php	addons/media/src/Services/SeoWatermarkOverlayRatioCatalog.php
CancelGscSyncCommand.php	addons/search-intelligence/src/Services/GscIntelligence/Application/Commands/CancelGscSyncCommand.php
SiteLinkCatalogSummaryPresenter.php	addons/site-sync/src/Services/Presentation/SiteLinkCatalogSummaryPresenter.php
ImageProviderCapabilityResolver.php	addons/commerce/src/Services/ProductGallery/ImageProviderCapabilityResolver.php
AgentMemoryProposalService.php	addons/agent/src/Services/AgentWorkspace/Knowledge/Services/AgentMemoryProposalService.php
ContentProjectAutoScheduleService.php	addons/content-projects/src/Services/ContentProject/ContentProjectAutoScheduleService.php
AutomationRuleClassification.php	addons/agent/src/Automation/BusinessHook/Enums/AutomationRuleClassification.php
InlineLinkNormalizationResult.php	addons/seo/src/Support/InlineLinkNormalizationResult.php
WordPressArticleContentService.php	addons/wordpress/src/Services/WordPressArticleContentService.php
ContentProjectApprovedDefinition.php	addons/content-projects/src/Support/ContentProject/ContentProjectApprovedDefinition.php
PreviewContentProjectFromTopicalMapHandler.php	addons/search-intelligence/src/Services/KeywordIntelligence/Application/Handlers/PreviewContentProjectFromTopicalMapHandler.php
MapGscQueryCommand.php	addons/search-intelligence/src/Services/GscIntelligence/Application/Commands/MapGscQueryCommand.php
PromptHookRetryPolicy.php	addons/ai-prompt/src/PromptHooks/Canonical/PromptHookRetryPolicy.php
AiTextResult.php	addons/ai-prompt/src/Extension/Contracts/Ai/AiTextResult.php
ContentProjectQueueHealthService.php	addons/content-projects/src/Services/ContentProject/ContentProjectQueueHealthService.php
SeoConnectionContext.php	addons/seo/src/Support/SeoConnectionContext.php
ArticleLinkSuggestionCandidateRetriever.php	addons/content/src/Services/ArticleLinkSuggestionCandidateRetriever.php
PromptHookRuntimeMode.php	addons/ai-prompt/src/PromptHooks/Runtime/PromptHookRuntimeMode.php
PublishingDueItemSelector.php	addons/publishing/src/Services/Publishing/PublishingDueItemSelector.php
RewritePipelineDefinition.php	addons/agent/src/Extension/Builtin/ContentPipelines/Definitions/RewritePipelineDefinition.php
SiteSyncRepairPlanner.php	addons/site-sync/src/Services/Repair/SiteSyncRepairPlanner.php
SeoAgentTraceSpan.php	addons/agent/src/Models/AgentWorkspace/SeoAgentTraceSpan.php
SeoMediaUrlImportResolverService.php	addons/media/src/Services/SeoMediaUrlImportResolverService.php
KeywordGroupMetricSnapshotWriter.php	addons/search-intelligence/src/Services/KeywordGroupMetricSnapshotWriter.php
SerpClusterEvidenceStatus.php	addons/search-intelligence/src/Enums/Serp/SerpClusterEvidenceStatus.php
SeoProjectRunItemsDisplayPresenter.php	addons/content-projects/src/Support/SeoProjectRunItemsDisplayPresenter.php
PingAction.php	addons/agent/src/Automation/Actions/Foundation/PingAction.php
SiteSyncHandshakeService.php	addons/site-sync/src/Services/Handshake/SiteSyncHandshakeService.php
PromptHookContributor.php	addons/ai-prompt/src/Extension/Contracts/PromptHookContributor.php
AgentOperationsDashboardService.php	addons/agent/src/Services/AgentWorkspace/Observability/AgentOperationsDashboardService.php
AgentErrorCategory.php	addons/agent/src/Enums/AgentWorkspace/AgentErrorCategory.php
SerpClusterValidationService.php	addons/search-intelligence/src/Services/SerpIntelligence/SerpClusterValidationService.php
KeywordWorkspaceTwo.php	addons/search-intelligence/src/Filament/Resources/KeywordResource/Pages/KeywordWorkspaceTwo.php
ProductGalleryCanaryPromptPreviewService.php	addons/commerce/src/Services/ProductGallery/ProductGalleryCanaryPromptPreviewService.php
ArticleActionOutputNormalizer.php	addons/agent/src/Automation/Migration/ArticleActionOutputNormalizer.php
SiteMcpProductCatLiveSource.php	addons/search-foundation/src/Services/SiteMcp/SiteMcpProductCatLiveSource.php
AgentCapabilitiesAuditCommand.php	addons/agent/src/Console/AgentCapabilitiesAuditCommand.php
ExecuteContentProjectAgentPlanStepJob.php	addons/content-projects/src/Jobs/ExecuteContentProjectAgentPlanStepJob.php
PreviewAddGscQueriesToKeywordWorkspaceCommand.php	addons/search-intelligence/src/Services/GscIntelligence/Application/Commands/PreviewAddGscQueriesToKeywordWorkspaceCommand.php
PromptTokenUsage.php	addons/ai-prompt/src/Support/PromptTokenUsage.php
WordPressArticleTimestampService.php	addons/wordpress/src/Services/WordPressArticleTimestampService.php
PromptHookExecutionService.php	addons/ai-prompt/src/PromptHooks/PromptHookExecutionService.php
UpdateSerpQueryCommand.php	addons/search-intelligence/src/Services/SerpIntelligence/Application/Commands/UpdateSerpQueryCommand.php
ArticleEditorView.php	addons/content/src/Services/ArticleEditorView.php
AutomationAvailabilityGate.php	addons/agent/src/Automation/BusinessHook/Services/AutomationAvailabilityGate.php
ApproveTopicalMapHandler.php	addons/search-intelligence/src/Services/KeywordIntelligence/Application/Handlers/ApproveTopicalMapHandler.php
PublishFailureClassifier.php	addons/publishing/src/Application/Publishing/PublishFailureClassifier.php
AutomationAuditCouplingCommand.php	addons/agent/src/Console/AutomationAuditCouplingCommand.php
GscQueryNormalizationResult.php	addons/search-intelligence/src/Services/GscIntelligence/Data/GscQueryNormalizationResult.php
ProductReviewsReconcilePendingCommand.php	addons/commerce/src/Console/ProductReviewsReconcilePendingCommand.php
DefaultAgentKnowledgeOrchestrator.php	addons/agent/src/Services/AgentWorkspace/Knowledge/Services/DefaultAgentKnowledgeOrchestrator.php
PromptHookException.php	addons/ai-prompt/src/PromptHooks/Exceptions/PromptHookException.php
SeoProviderCapabilityResolver.php	addons/search-intelligence/src/Services/SeoProviderCapabilityResolver.php
WordPressLocalMediaSyncService.php	addons/wordpress/src/Services/WordPressLocalMediaSyncService.php
AgentPlanningContextAssembler.php	addons/agent/src/Services/AgentWorkspace/Planning/Services/AgentPlanningContextAssembler.php
KeywordClusterStatus.php	addons/search-intelligence/src/Enums/KeywordIntelligence/KeywordClusterStatus.php
ArticleEditorDocumentHtmlRenderer.php	addons/content/src/Services/ArticleEditor/Document/ArticleEditorDocumentHtmlRenderer.php
ContentProjectRunSemanticStatus.php	addons/content-projects/src/Enums/ContentProjectRunSemanticStatus.php
WordPressImageUrl.php	addons/wordpress/src/Support/WordPressImageUrl.php
SeoMediaLibraryImageActionService.php	addons/media/src/Services/SeoMediaLibraryImageActionService.php
AgentIntentRouter.php	addons/agent/src/Services/AgentWorkspace/AgentIntentRouter.php
SeoProject.php	addons/content-projects/src/Models/SeoProject.php
ArticlePromptHookEntityResolver.php	addons/ai-prompt/src/PromptHooks/Entities/ArticlePromptHookEntityResolver.php
WordPressServiceProvider.php	addons/wordpress/src/WordPressServiceProvider.php
ArticleExecutionResult.php	addons/content/src/Support/RunEngine/ArticleExecutionResult.php
CreateGscPropertyCommand.php	addons/search-intelligence/src/Services/GscIntelligence/Application/Commands/CreateGscPropertyCommand.php
SeoMediaUrlReplacementService.php	addons/media/src/Services/SeoMediaUrlReplacementService.php
ContentProjectPendingOpsDefinition.php	addons/content-projects/src/Support/ContentProject/ContentProjectPendingOpsDefinition.php
AgentCliCommandCatalog.php	addons/agent/src/Services/AgentWorkspace/Cli/AgentCliCommandCatalog.php
ContentProjectArchivePreview.php	addons/content-projects/src/Filament/Resources/SeoProjectResource/Pages/ContentProjectArchivePreview.php
BlockProjectItemGenerationCommand.php	addons/content-projects/src/Services/ContentProject/Application/Commands/BlockProjectItemGenerationCommand.php
AddContentProjectItemsHandler.php	addons/content-projects/src/Services/ContentProject/Application/Handlers/AddContentProjectItemsHandler.php
ImageProviderCapabilities.php	addons/media/src/Support/ProductGallery/ImageProviderCapabilities.php
OperationalNotificationDeepLinks.php	addons/seo/src/Services/Notifications/OperationalNotificationDeepLinks.php
AddSerpFeatureKeywordsHandler.php	addons/search-intelligence/src/Services/SerpIntelligence/Application/Handlers/AddSerpFeatureKeywordsHandler.php
KeywordArticleMappingType.php	addons/search-intelligence/src/Enums/KeywordIntelligence/KeywordArticleMappingType.php
SeoMediaWpEditStagingService.php	addons/media/src/Services/SeoMediaWpEditStagingService.php
PromptHookEntityResolverRegistry.php	addons/ai-prompt/src/PromptHooks/Entities/PromptHookEntityResolverRegistry.php
UnmapGscQueryCommand.php	addons/search-intelligence/src/Services/GscIntelligence/Application/Commands/UnmapGscQueryCommand.php
UnassignedContentProjectStaffWidget.php	addons/content-projects/src/Filament/Widgets/UnassignedContentProjectStaffWidget.php
GscSearchType.php	addons/search-intelligence/src/Enums/Gsc/GscSearchType.php
ContentProjectAgentSchemaValidator.php	addons/content-projects/src/Services/ContentProject/Agent/ContentProjectAgentSchemaValidator.php
SeoGscOpportunity.php	addons/search-intelligence/src/Models/SeoGscOpportunity.php
KeywordPhraseMatcher.php	addons/search-foundation/src/Support/KeywordPhraseMatcher.php
KeywordManualOverrideGuard.php	addons/search-intelligence/src/Services/KeywordIntelligence/KeywordManualOverrideGuard.php
SeoMediaLibraryDeleteService.php	addons/media/src/Services/SeoMediaLibraryDeleteService.php
MetadataDomainSyncCache.php	addons/search-foundation/src/Support/MetadataDomainSyncCache.php
ProviderAgentModelGateway.php	addons/agent/src/Services/AgentWorkspace/Planning/Services/ProviderAgentModelGateway.php
AgentMemoryProposal.php	addons/agent/src/Services/AgentWorkspace/Knowledge/Data/AgentMemoryProposal.php
MoveClusterPrimaryTopicCommand.php	addons/search-intelligence/src/Services/KeywordIntelligence/Application/Commands/MoveClusterPrimaryTopicCommand.php
SiteLinkCatalogReconciler.php	addons/site-sync/src/Services/Reconciliation/SiteLinkCatalogReconciler.php
AiImageProviderInterface.php	addons/media/src/Extension/Contracts/AiImageProviderInterface.php
ArticleReviewService.php	addons/content/src/Services/ArticleReviewService.php
CreateArticleWorkflowNotification.php	addons/content-projects/src/Support/CreateArticleWorkflowNotification.php
ObservingAgentExecutionOrchestrator.php	addons/agent/src/Services/AgentWorkspace/Observability/Decorators/ObservingAgentExecutionOrchestrator.php
ExecuteAutomationRuleJob.php	addons/agent/src/Automation/BusinessHook/Jobs/ExecuteAutomationRuleJob.php
ArticleMediaPickerController.php	addons/media/src/Http/Controllers/ArticleMediaPickerController.php
SerpPageEvidenceFetcher.php	addons/search-intelligence/src/Services/SerpIntelligence/SerpPageEvidenceFetcher.php
GscContentProjectPreviewBuilder.php	addons/search-intelligence/src/Services/GscIntelligence/GscContentProjectPreviewBuilder.php
SerpIntelligenceProviderRegistry.php	addons/search-intelligence/src/Services/SerpIntelligence/Contracts/SerpIntelligenceProviderRegistry.php
AgentCliCapabilityGate.php	addons/agent/src/Services/AgentWorkspace/Cli/AgentCliCapabilityGate.php
PromptTestPublishService.php	addons/ai-prompt/src/Services/PromptTestPublishService.php
ArticleContentUpdateParityPlanner.php	addons/agent/src/Automation/Migration/Planners/ArticleContentUpdateParityPlanner.php
SeoExtendedProviderConnection.php	addons/search-intelligence/src/Models/SeoExtendedProviderConnection.php
PublishingRecoveryNotifier.php	addons/publishing/src/Services/Publishing/PublishingRecoveryNotifier.php
ContentProjectAgentApproval.php	addons/content-projects/src/Models/ContentProjectAgentApproval.php
WordpressArticleLink.php	addons/wordpress/src/Models/WordpressArticleLink.php
InteractsWithSeoDashboardSite.php	addons/seo/src/Filament/Concerns/InteractsWithSeoDashboardSite.php
ContentProjectTaskStatusNormalizer.php	addons/content-projects/src/Support/ContentProject/ContentProjectTaskStatusNormalizer.php
AgentAutomationDefinitionData.php	addons/agent/src/Services/AgentWorkspace/Automation/Data/AgentAutomationDefinitionData.php
ArticleProductReviewStoreService.php	addons/commerce/src/Services/ProductReview/ArticleProductReviewStoreService.php
ArticleManualIndexMarkerService.php	addons/content/src/Services/ArticleManualIndexMarkerService.php
GscOpportunityMaturity.php	addons/search-intelligence/src/Enums/Gsc/GscOpportunityMaturity.php
ApproveProjectItemsHandler.php	addons/content-projects/src/Services/ContentProject/Application/Handlers/ApproveProjectItemsHandler.php
KeywordSearchVolumeService.php	addons/search-intelligence/src/Services/KeywordSearchVolumeService.php
InteractsWithTaskWorkflow.php	addons/content-projects/src/Filament/Resources/TaskResource/Pages/Concerns/InteractsWithTaskWorkflow.php
ArticleEditorBundleApplyService.php	addons/content/src/Services/ArticleEditorBundleApplyService.php
SeoChangePassword.php	addons/seo/src/Filament/Pages/Auth/SeoChangePassword.php
ImportKeywordsHandler.php	addons/search-intelligence/src/Services/KeywordIntelligence/Application/Handlers/ImportKeywordsHandler.php
SaveKeywordVocabularyAction.php	addons/agent/src/Automation/Actions/Keyword/SaveKeywordVocabularyAction.php
ArticleWritingAssembler.php	addons/content/src/Services/ArticleWritingAssembler.php
SeoSettingsEditor.php	addons/seo/src/Filament/Pages/SeoSettingsEditor.php
AgentClarifyingQuestion.php	addons/agent/src/Services/AgentWorkspace/Planning/Data/AgentClarifyingQuestion.php
SeoProjectKeywordListParser.php	addons/content-projects/src/Services/SeoProjectKeywordListParser.php
ContentProjectTaskExecutionResult.php	addons/content-projects/src/Support/RunEngine/ContentProjectTaskExecutionResult.php
ContentProjectItemErrorSource.php	addons/content-projects/src/Enums/ContentProjectItemErrorSource.php
RetrySiteSyncStepCommand.php	addons/site-sync/src/Services/Application/Commands/RetrySiteSyncStepCommand.php
AutoScheduleProjectItemsHandler.php	addons/content-projects/src/Services/ContentProject/Application/Handlers/AutoScheduleProjectItemsHandler.php
SeoOverviewStats.php	addons/seo/src/Filament/Widgets/SeoOverviewStats.php
AutomationExecutionService.php	addons/agent/src/Automation/BusinessHook/Services/AutomationExecutionService.php
AutomationPermissionRegistry.php	addons/agent/src/Automation/Platform/Registry/AutomationPermissionRegistry.php
PublishFailureClassification.php	addons/publishing/src/Application/Publishing/PublishFailureClassification.php
SeoProjectWorkflowRunService.php	addons/content-projects/src/Services/SeoProjectWorkflowRunService.php
WordpressExtensionProvider.php	addons/wordpress/src/Extension/WordpressExtensionProvider.php
ArticleMarkdownToHtmlService.php	addons/content/src/Services/ArticleMarkdownToHtmlService.php
StopProjectExecutionCommand.php	addons/content-projects/src/Services/ContentProject/Application/Commands/StopProjectExecutionCommand.php
SiteMcpDiscovery.php	addons/search-foundation/src/Services/SiteMcp/SiteMcpDiscovery.php
WorkflowExecutionRoleResolver.php	addons/content-projects/src/Services/WorkflowRoles/WorkflowExecutionRoleResolver.php
ScheduledArticlePublishRunner.php	addons/publishing/src/Services/ScheduledArticlePublishRunner.php
SyncGscPerformanceDataHandler.php	addons/search-intelligence/src/Services/GscIntelligence/Application/Handlers/SyncGscPerformanceDataHandler.php
ProcessScheduledProjectItemPublishCommand.php	addons/content-projects/src/Services/ContentProject/Application/Commands/ProcessScheduledProjectItemPublishCommand.php
ProductGalleryParentChildFeature.php	addons/media/src/Support/ProductGallery/ProductGalleryParentChildFeature.php
CommerceServiceProvider.php	addons/commerce/src/CommerceServiceProvider.php
AgentSkillGroupCatalog.php	addons/agent/src/Services/AgentWorkspace/V1/AgentSkillGroupCatalog.php
DispatchScheduledProductReviewPublishJob.php	addons/wordpress/src/Jobs/DispatchScheduledProductReviewPublishJob.php
EventEnvelope.php	addons/agent/src/Automation/Data/EventEnvelope.php
TopicCandidate.php	addons/search-intelligence/src/Services/KeywordIntelligence/Dto/TopicCandidate.php
ContentProjectBusinessLock.php	addons/content-projects/src/Services/ContentProject/Application/Support/ContentProjectBusinessLock.php
AutomationSnapshotSanitizer.php	addons/agent/src/Automation/BusinessHook/Support/AutomationSnapshotSanitizer.php
ApproveSerpClusterEvidenceHandler.php	addons/search-intelligence/src/Services/SerpIntelligence/Application/Handlers/ApproveSerpClusterEvidenceHandler.php
SerpIntelligenceSkills.php	addons/agent/src/Services/AgentWorkspace/Skills/SerpIntelligenceSkills.php
PromptPostProcessing.php	addons/ai-prompt/src/Support/PromptPostProcessing.php
ExecutionCleanupService.php	addons/agent/src/Automation/BusinessHook/Services/ExecutionCleanupService.php
ContentPublishingStrategy.php	addons/publishing/src/Services/Publishing/ContentPublishingStrategy.php
SerpResultRenderer.php	addons/agent/src/Services/AgentWorkspace/Execution/Rendering/SerpResultRenderer.php
ApiConnectionType.php	addons/ai-prompt/src/Enums/ApiConnectionType.php
SeoSiteSyncBatch.php	addons/site-sync/src/Models/SeoSiteSyncBatch.php
AutomationRuleMatcher.php	addons/agent/src/Automation/BusinessHook/Services/AutomationRuleMatcher.php
SiteSyncCheckpointService.php	addons/site-sync/src/Services/Cutover/SiteSyncCheckpointService.php
ArticleEditorSyncController.php	addons/content/src/Http/Controllers/ArticleEditorSyncController.php
AttachPromptResultAction.php	addons/agent/src/Automation/Actions/PromptResult/AttachPromptResultAction.php
AutomationActionPromotionGate.php	addons/agent/src/Automation/Migration/AutomationActionPromotionGate.php
CreateArticleAction.php	addons/agent/src/Automation/Actions/Article/CreateArticleAction.php
ContentProjectPublishedDefinition.php	addons/content-projects/src/Support/ContentProject/ContentProjectPublishedDefinition.php
PendingProductReviewReconciler.php	addons/commerce/src/Services/ProductReview/PendingProductReviewReconciler.php
WordPressExecutionContext.php	addons/wordpress/src/Services/SideEffect/WordPressExecutionContext.php
RunnerHealthNotificationPublisher.php	addons/seo/src/Services/Notifications/Publishers/RunnerHealthNotificationPublisher.php
KeywordLinkListSyncObserver.php	addons/search-foundation/src/Observers/KeywordLinkListSyncObserver.php
ArticleProductReviewStatus.php	addons/commerce/src/Enums/ArticleProductReviewStatus.php
ApproveProjectItemsCommand.php	addons/content-projects/src/Services/ContentProject/Application/Commands/ApproveProjectItemsCommand.php
MediaLibraryAccessScope.php	addons/media/src/Services/MediaLibraryAccessScope.php
AiExecutionContext.php	addons/ai-prompt/src/Extension/Contracts/Ai/AiExecutionContext.php
AutomationActionRun.php	addons/agent/src/Automation/Models/AutomationActionRun.php
PromptHookModelConfig.php	addons/ai-prompt/src/PromptHooks/Canonical/PromptHookModelConfig.php
DefaultAgentGroundingContextProvider.php	addons/agent/src/Services/AgentWorkspace/Knowledge/Services/DefaultAgentGroundingContextProvider.php
DebugOverrideProjectItemLifecycleCommand.php	addons/content-projects/src/Services/ContentProject/Application/Commands/DebugOverrideProjectItemLifecycleCommand.php
ContentProjectPublishTransitionGuard.php	addons/content-projects/src/Services/ContentProject/Application/Support/ContentProjectPublishTransitionGuard.php
PromptBindingResolver.php	addons/ai-prompt/src/Services/PromptOwnership/PromptBindingResolver.php
ProductReviewPostSyncReconciler.php	addons/commerce/src/Services/ProductReview/ProductReviewPostSyncReconciler.php
WorkflowTypedArtifact.php	addons/content-projects/src/Support/Workflow/WorkflowTypedArtifact.php
RepairArchivedArticleActiveTasksCommand.php	addons/content-projects/src/Console/RepairArchivedArticleActiveTasksCommand.php
BackfillSiteManualLinksCommand.php	addons/seo/src/Console/BackfillSiteManualLinksCommand.php
AgentKnowledgeContentSanitizer.php	addons/agent/src/Services/AgentWorkspace/Knowledge/Security/AgentKnowledgeContentSanitizer.php
GscSyncStage.php	addons/search-intelligence/src/Enums/Gsc/GscSyncStage.php
ProductGalleryPromptsDoctorCommand.php	addons/media/src/Console/ProductGalleryPromptsDoctorCommand.php
SeoAgentConversation.php	addons/agent/src/Models/AgentWorkspace/SeoAgentConversation.php
PipelineRegistry.php	addons/agent/src/Extension/Registry/PipelineRegistry.php
PromptHookManifestLoader.php	addons/ai-prompt/src/PromptHooks/PromptHookManifestLoader.php
PromptUsageLocator.php	addons/ai-prompt/src/Services/PromptOwnership/PromptUsageLocator.php
GscContentAction.php	addons/search-intelligence/src/Enums/Gsc/GscContentAction.php
PromptCompositionSummaryPresenter.php	addons/ai-prompt/src/Services/PromptOwnership/PromptCompositionSummaryPresenter.php
SeoSerpProviderConnectionService.php	addons/search-intelligence/src/Services/SeoSerpProviderConnectionService.php
SeoSiteCapability.php	addons/site-sync/src/Models/SeoSiteCapability.php
SiteSyncDiagnosticService.php	addons/site-sync/src/Services/Diagnostics/SiteSyncDiagnosticService.php
LegacyGscEditRedirect.php	addons/ai-prompt/src/Filament/Resources/AiConnectionResource/Pages/LegacyGscEditRedirect.php
SeoPrompt.php	addons/ai-prompt/src/Models/SeoPrompt.php
AgentExecutionConfirmation.php	addons/agent/src/Services/AgentWorkspace/Execution/Dtos/AgentExecutionConfirmation.php
SeoAuditSkills.php	addons/agent/src/Services/AgentWorkspace/Skills/SeoAuditSkills.php
SeoSiteSyncCheckpoint.php	addons/site-sync/src/Models/SeoSiteSyncCheckpoint.php
TopicalMapVersionDiffService.php	addons/search-intelligence/src/Services/KeywordIntelligence/TopicalMapVersionDiffService.php
ContentProjectStepSourceValidator.php	addons/content-projects/src/Services/ContentProject/ContentProjectStepSourceValidator.php
TaskResource.php	addons/content-projects/src/Filament/Resources/TaskResource.php
ContentProjectCommandBus.php	addons/content-projects/src/Services/ContentProject/Application/ContentProjectCommandBus.php
UnscheduleProjectItemsCommand.php	addons/content-projects/src/Services/ContentProject/Application/Commands/UnscheduleProjectItemsCommand.php
AiTextProviderInterface.php	addons/ai-prompt/src/Extension/Contracts/AiTextProviderInterface.php
ImportSerpSnapshotCommand.php	addons/search-intelligence/src/Services/SerpIntelligence/Application/Commands/ImportSerpSnapshotCommand.php
AgentConversationService.php	addons/agent/src/Services/AgentWorkspace/AgentConversationService.php
PublishingQueueFailedDefinition.php	addons/publishing/src/Support/PublishingQueue/PublishingQueueFailedDefinition.php
AgentPlanningPersistence.php	addons/agent/src/Services/AgentWorkspace/Planning/Services/AgentPlanningPersistence.php
KeywordOrphanCleanup.php	addons/search-foundation/src/Support/KeywordOrphanCleanup.php
ContentProjectArticleRowStatus.php	addons/content-projects/src/Support/ContentProject/ContentProjectArticleRowStatus.php
SeoMediaBuilder.php	addons/media/src/Models/SeoMediaBuilder.php
SeoLinkMap.php	addons/search-foundation/src/Models/SeoLinkMap.php
PublisherResolutionException.php	addons/publishing/src/Application/Publishing/PublisherResolutionException.php
ContentProjectAgentCommandFactory.php	addons/content-projects/src/Services/ContentProject/Agent/ContentProjectAgentCommandFactory.php
RepairContentProjectCommand.php	addons/content-projects/src/Console/RepairContentProjectCommand.php
ContentProjectDailyReportService.php	addons/content-projects/src/Services/ContentProject/Operations/ContentProjectDailyReportService.php
ContentPipelinesHealthDriver.php	addons/agent/src/Extension/Builtin/ContentPipelines/ContentPipelinesHealthDriver.php
AgentPackEventEmitter.php	addons/agent/src/Services/AgentWorkspace/Packs/AgentPackEventEmitter.php
EditorImageTaskResolverService.php	addons/media/src/Services/EditorImageTaskResolverService.php
SeoAgentEvaluationDataset.php	addons/agent/src/Models/AgentWorkspace/SeoAgentEvaluationDataset.php
RuntimeWorkspaceCleaner.php	addons/content-projects/src/Services/ContentProject/Workspace/Cleaners/RuntimeWorkspaceCleaner.php
GscSyncRunStatus.php	addons/search-intelligence/src/Enums/Gsc/GscSyncRunStatus.php
KeywordRankCheckService.php	addons/search-intelligence/src/Services/KeywordRankCheckService.php
ArticleEditorActionRequest.php	addons/content/src/Http/Requests/ArticleEditorActionRequest.php
SeoWatermarkDesignApplicator.php	addons/media/src/Services/SeoWatermarkDesignApplicator.php
SeoExtensions.php	addons/search-foundation/src/Filament/Pages/SeoExtensions.php
KeywordIntentClassifier.php	addons/search-intelligence/src/Services/KeywordIntelligence/KeywordIntentClassifier.php
SiteSyncCutoverModes.php	addons/site-sync/src/Services/Cutover/SiteSyncCutoverModes.php
AgentAutomationScheduleResolver.php	addons/agent/src/Services/AgentWorkspace/Automation/Contracts/AgentAutomationScheduleResolver.php
ArticlePostImagesService.php	addons/media/src/Services/ArticlePostImagesService.php
AiModelsReadinessService.php	addons/ai-prompt/src/Services/AiModelsReadinessService.php
PublishingQueueHandoffEligibility.php	addons/publishing/src/Support/PublishingQueue/PublishingQueueHandoffEligibility.php
SeoAgentMessage.php	addons/agent/src/Models/AgentWorkspace/SeoAgentMessage.php
AutomationImportExportService.php	addons/agent/src/Automation/BusinessHook/Services/AutomationImportExportService.php
ContentProjectRunHealthReport.php	addons/content-projects/src/Support/RunEngine/ContentProjectRunHealthReport.php
SeoWatermarkSetting.php	addons/media/src/Models/SeoWatermarkSetting.php
WebhookSendHookAction.php	addons/agent/src/Automation/BusinessHook/Actions/WebhookSendHookAction.php
FakeLocalSerpProvider.php	addons/search-intelligence/src/Services/SerpIntelligence/Providers/FakeLocalSerpProvider.php
SiteSyncIncidentNotificationPublisher.php	addons/seo/src/Services/Notifications/Publishers/SiteSyncIncidentNotificationPublisher.php
ProductGalleryStateNormalizer.php	addons/media/src/Support/ProductGallery/ProductGalleryStateNormalizer.php
PublishingQueueHub.php	addons/publishing/src/Filament/Pages/PublishingQueueHub.php
AgentPlanningVersionRegistry.php	addons/agent/src/Services/AgentWorkspace/Observability/AgentPlanningVersionRegistry.php
UnknownSectionMarker.php	addons/ai-prompt/src/PromptHooks/Exceptions/UnknownSectionMarker.php
SeoSettingsRecommendations.php	addons/seo/src/Filament/Pages/SeoSettingsRecommendations.php
SiteProfileSuggestionService.php	addons/site-sync/src/Services/Profile/SiteProfileSuggestionService.php
TaskTestInputResolver.php	addons/ai-prompt/src/Services/TaskTestInputResolver.php
PromptLanguageVariableService.php	addons/ai-prompt/src/Services/PromptLanguageVariableService.php
AgentAutomationNotificationService.php	addons/agent/src/Services/AgentWorkspace/Automation/Contracts/AgentAutomationNotificationService.php
BackfillSiteSyncV2Command.php	addons/site-sync/src/Console/BackfillSiteSyncV2Command.php;addons/site-sync/src/Services/Application/Commands/BackfillSiteSyncV2Command.php
ContentProjectItemDashboardBucketMapper.php	addons/content-projects/src/Support/ContentProject/ContentProjectItemDashboardBucketMapper.php
OperationalNotificationEventCode.php	addons/seo/src/Enums/OperationalNotificationEventCode.php
SeoPerformanceHubController.php	addons/search-intelligence/src/Http/Controllers/SeoPerformanceHubController.php
LegacyContentProjectItemHydrator.php	addons/content-projects/src/Services/ContentProject/LegacyContentProjectItemHydrator.php
ForceFullSiteSyncCommand.php	addons/site-sync/src/Services/Application/Commands/ForceFullSiteSyncCommand.php
ArticleContentConcurrencyLimitations.php	addons/agent/src/Automation/Support/ArticleContentConcurrencyLimitations.php
ContentProjectStepDescriptor.php	addons/content-projects/src/Support/ContentProject/ContentProjectStepDescriptor.php
AutomationDiagnoseCommand.php	addons/agent/src/Console/AutomationDiagnoseCommand.php
PauseGscPropertyHandler.php	addons/search-intelligence/src/Services/GscIntelligence/Application/Handlers/PauseGscPropertyHandler.php
CatalogBusinessActionDispatcher.php	addons/agent/src/Automation/Runtime/CatalogBusinessActionDispatcher.php
ContentPublisher.php	addons/publishing/src/Application/Publishing/ContentPublisher.php
CancelProjectItemPublishingHandler.php	addons/content-projects/src/Services/ContentProject/Application/Handlers/CancelProjectItemPublishingHandler.php
SeoSerpResult.php	addons/search-intelligence/src/Models/SeoSerpResult.php
AutomationActionDefinition.php	addons/agent/src/Automation/BusinessHook/Data/AutomationActionDefinition.php
ContentProjectIdempotencyStore.php	addons/content-projects/src/Services/ContentProject/Application/Support/ContentProjectIdempotencyStore.php
AutomationRetryCommand.php	addons/agent/src/Console/AutomationRetryCommand.php
PromptPart.php	addons/ai-prompt/src/Models/PromptPart.php
SeoMediaPathAllocator.php	addons/media/src/Services/SeoMediaPathAllocator.php
ContentProjectAgentPlanRevalidator.php	addons/content-projects/src/Services/ContentProject/Agent/Planner/ContentProjectAgentPlanRevalidator.php
ArticleWpSyncLeaseService.php	addons/wordpress/src/Services/ArticleWpSyncLeaseService.php
ContentProjectWorkspaceSaveService.php	addons/content-projects/src/Services/ContentProject/ContentProjectWorkspaceSaveService.php
ContentProjectRunStatusMapper.php	addons/content-projects/src/Support/RunEngine/ContentProjectRunStatusMapper.php
KeywordQualityFlagService.php	addons/search-foundation/src/Services/KeywordQualityFlagService.php
ContentProjectItemState.php	addons/content-projects/src/Support/ContentProject/ContentProjectItemState.php
TaskWorkflowTestRunner.php	addons/ai-prompt/src/Services/TaskWorkflowTestRunner.php
PublishAttemptRefs.php	addons/publishing/src/Application/Publishing/PublishAttemptRefs.php
ContentProjectSkills.php	addons/agent/src/Services/AgentWorkspace/Skills/ContentProjectSkills.php
CheckOperationalRunnerHealthCommand.php	addons/content-projects/src/Console/CheckOperationalRunnerHealthCommand.php
ArticleProductGalleryDistributeService.php	addons/content/src/Services/ArticleProductGalleryDistributeService.php
PromptHookRegistry.php	addons/ai-prompt/src/PromptHooks/PromptHookRegistry.php
AiPromptServiceProvider.php	addons/ai-prompt/src/AiPromptServiceProvider.php
ArticleEditorMediaSnapshotController.php	addons/media/src/Http/Controllers/ArticleEditorMediaSnapshotController.php
RunSiteSyncCommand.php	addons/site-sync/src/Console/RunSiteSyncCommand.php;addons/site-sync/src/Services/Application/Commands/RunSiteSyncCommand.php
ReturnToContentProjectHandler.php	addons/content-projects/src/Services/ContentProject/Application/Handlers/ReturnToContentProjectHandler.php
ContentProjectAgentSessionService.php	addons/content-projects/src/Services/ContentProject/Agent/ContentProjectAgentSessionService.php
ListArticlesTrash.php	addons/content/src/Filament/Resources/ArticleResource/Pages/ListArticlesTrash.php
ContentProjectOpsDashboardService.php	addons/content-projects/src/Services/ContentProject/Operations/ContentProjectOpsDashboardService.php
RecoverStuckPublishingCommand.php	addons/content-projects/src/Services/ContentProject/Application/Commands/RecoverStuckPublishingCommand.php
AutomationActionExecution.php	addons/agent/src/Automation/BusinessHook/Models/AutomationActionExecution.php
TopicalMapHierarchyValidator.php	addons/search-intelligence/src/Services/KeywordIntelligence/TopicalMapHierarchyValidator.php
AnalyzeSerpSnapshotHandler.php	addons/search-intelligence/src/Services/SerpIntelligence/Application/Handlers/AnalyzeSerpSnapshotHandler.php
SelectExistingArticleForProjectItemCommand.php	addons/content-projects/src/Services/ContentProject/Application/Commands/SelectExistingArticleForProjectItemCommand.php
ViewSeoProjectRun.php	addons/content-projects/src/Filament/Resources/SeoProjectResource/Pages/ViewSeoProjectRun.php
KeywordTopicalMapBuildLock.php	addons/search-intelligence/src/Services/KeywordIntelligence/KeywordTopicalMapBuildLock.php
AutomationActionBootstrap.php	addons/agent/src/Automation/BusinessHook/Registry/AutomationActionBootstrap.php
AgentAutomationRunner.php	addons/agent/src/Services/AgentWorkspace/Automation/Contracts/AgentAutomationRunner.php
SeoKeywordSettingsService.php	addons/seo/src/Services/SeoKeywordSettingsService.php
AgentKnowledgeIndex.php	addons/agent/src/Services/AgentWorkspace/Knowledge/Contracts/AgentKnowledgeIndex.php
AutomationRuleService.php	addons/agent/src/Automation/BusinessHook/Services/AutomationRuleService.php
ContentProjectItemArchiveState.php	addons/content-projects/src/Enums/ContentProjectItemArchiveState.php
ReconcileActiveOperationalNotificationsCommand.php	addons/seo/src/Console/ReconcileActiveOperationalNotificationsCommand.php
SeoProjectRunItemsReader.php	addons/content-projects/src/Services/SeoProjectRunItemsReader.php
GenerateProjectItemsHandler.php	addons/content-projects/src/Services/ContentProject/Application/Handlers/GenerateProjectItemsHandler.php
ContentProjectItemGenerationClassifier.php	addons/content-projects/src/Services/ContentProject/ContentProjectItemGenerationClassifier.php
PromptHookEditorCatalog.php	addons/ai-prompt/src/PromptHooks/Runtime/PromptHookEditorCatalog.php
AgentV1DoctorCommand.php	addons/agent/src/Console/AgentV1DoctorCommand.php
KeywordNormalizationService.php	addons/search-intelligence/src/Services/KeywordIntelligence/KeywordNormalizationService.php;addons/site-sync/src/Services/Reconciliation/KeywordNormalizationService.php
ContentProjectExistingArticleReconciler.php	addons/content-projects/src/Services/ContentProject/ContentProjectExistingArticleReconciler.php
SeoSiteSyncInboundEvent.php	addons/site-sync/src/Models/SeoSiteSyncInboundEvent.php
SeoArticleAiHistoryApply.php	addons/content/src/Models/SeoArticleAiHistoryApply.php
WordPressSideEffectAttempt.php	addons/wordpress/src/Models/WordPressSideEffectAttempt.php
AutomationSiteContextResolver.php	addons/agent/src/Automation/Runtime/AutomationSiteContextResolver.php
EditTask.php	addons/content-projects/src/Filament/Resources/TaskResource/Pages/EditTask.php
AgentGroundingContextProvider.php	addons/agent/src/Services/AgentWorkspace/Knowledge/Contracts/AgentGroundingContextProvider.php
UnsupportedProviderCapability.php	addons/ai-prompt/src/PromptHooks/Exceptions/UnsupportedProviderCapability.php
BulkResyncPublishedArticlesToWordPressHandler.php	addons/content-projects/src/Services/ContentProject/Application/Handlers/BulkResyncPublishedArticlesToWordPressHandler.php
SerpContentGapAnalyzer.php	addons/search-intelligence/src/Services/SerpIntelligence/SerpContentGapAnalyzer.php
AgentAutomationHealthEvaluator.php	addons/agent/src/Services/AgentWorkspace/Observability/Evaluation/AgentAutomationHealthEvaluator.php
AiModelCatalog.php	addons/seo/src/Support/AiModelCatalog.php
GscBrandQueryType.php	addons/search-intelligence/src/Enums/Gsc/GscBrandQueryType.php
DispatchContentProjectAutomationPoliciesJob.php	addons/content-projects/src/Jobs/DispatchContentProjectAutomationPoliciesJob.php
TaskWorkflowBuilder.php	addons/content-projects/src/Filament/Resources/TaskResource/Pages/TaskWorkflowBuilder.php
ScheduleProjectItemsCommand.php	addons/content-projects/src/Services/ContentProject/Application/Commands/ScheduleProjectItemsCommand.php
AgentObservabilityEventBus.php	addons/agent/src/Services/AgentWorkspace/Observability/AgentObservabilityEventBus.php
PublishScheduledArticlesCommand.php	addons/publishing/src/Console/PublishScheduledArticlesCommand.php
KeywordDebugRescrapeService.php	addons/search-intelligence/src/Services/KeywordDebugRescrapeService.php
ClaudeAiTextProvider.php	addons/ai-prompt/src/Extension/Builtin/AiProviders/ClaudeAiTextProvider.php
ArticleEditorDocumentRoundTripGuard.php	addons/content/src/Services/ArticleEditor/Document/ArticleEditorDocumentRoundTripGuard.php
ValidateWorkspaceClustersWithSerpCommand.php	addons/search-intelligence/src/Services/SerpIntelligence/Application/Commands/ValidateWorkspaceClustersWithSerpCommand.php
AutomationEventDispatchResult.php	addons/agent/src/Automation/BusinessHook/Data/AutomationEventDispatchResult.php
SiteMcpKeywordExtractor.php	addons/search-foundation/src/Services/SiteMcp/SiteMcpKeywordExtractor.php
SiteContext.php	addons/agent/src/Automation/Data/SiteContext.php
WordPressCommentReviewPayloadFactory.php	addons/commerce/src/Services/ProductReview/WordPressCommentReviewPayloadFactory.php
GscBrandClass.php	addons/search-intelligence/src/Enums/Gsc/GscBrandClass.php
GscPerformanceAggregationService.php	addons/search-intelligence/src/Services/GscIntelligence/GscPerformanceAggregationService.php
QueueRuntimeCheckCommand.php	addons/publishing/src/Console/QueueRuntimeCheckCommand.php
ContentProjectGenerationRecoveryService.php	addons/content-projects/src/Services/ContentProject/ContentProjectGenerationRecoveryService.php
ArticleByWpIdResolver.php	addons/content/src/Services/ArticleByWpIdResolver.php
ContentProjectImageRerunCleanupContract.php	addons/media/src/Services/ContentProjectImageRerunCleanupContract.php
TestPrompt.php	addons/ai-prompt/src/Filament/Resources/PromptResource/Pages/TestPrompt.php
ContentProjectWorkspaceCleanupRegistry.php	addons/content-projects/src/Services/ContentProject/Workspace/ContentProjectWorkspaceCleanupRegistry.php
ArchiveGscPropertyHandler.php	addons/search-intelligence/src/Services/GscIntelligence/Application/Handlers/ArchiveGscPropertyHandler.php
SearchFoundationServiceProvider.php	addons/search-foundation/src/SearchFoundationServiceProvider.php
ContentProjectRestored.php	addons/content-projects/src/Services/ContentProject/Application/Events/ContentProjectRestored.php
TypographyScoringConfig.php	addons/content/src/Support/TypographyScoringConfig.php
PromptRuntimeRulesPresenter.php	addons/ai-prompt/src/Services/PromptOwnership/PromptRuntimeRulesPresenter.php
IgnoreSerpContentGapHandler.php	addons/search-intelligence/src/Services/SerpIntelligence/Application/Handlers/IgnoreSerpContentGapHandler.php
ArticleLinkSuggestionContentPhraseExtractor.php	addons/content/src/Services/ArticleLinkSuggestionContentPhraseExtractor.php
SerpAllintitleQuery.php	addons/seo/src/Support/SerpAllintitleQuery.php
ProcessSiteSyncStepJob.php	addons/site-sync/src/Jobs/SiteSync/ProcessSiteSyncStepJob.php
ArticleImproveScope.php	addons/content/src/Enums/ArticleImproveScope.php
KeywordAnalysisStage.php	addons/search-intelligence/src/Enums/KeywordIntelligence/KeywordAnalysisStage.php
ContentProjectIdempotencyKeyFactory.php	addons/content-projects/src/Services/ContentProject/Application/Support/ContentProjectIdempotencyKeyFactory.php
ContentProjectCapabilityRegistry.php	addons/content-projects/src/Services/ContentProject/Application/Capabilities/ContentProjectCapabilityRegistry.php
RunContentProjectArticleJob.php	addons/content-projects/src/Jobs/RunContentProjectArticleJob.php
PreviewSiteSyncCutoverCommand.php	addons/site-sync/src/Services/Application/Commands/PreviewSiteSyncCutoverCommand.php
ClearPromptHookDefinitionCacheCommand.php	addons/ai-prompt/src/Console/ClearPromptHookDefinitionCacheCommand.php
ActionSupport.php	addons/agent/src/Automation/Support/ActionSupport.php
ArticleEditorSyncOrchestrator.php	addons/content/src/Services/ArticleEditorSyncOrchestrator.php
ExtensionManifest.php	addons/agent/src/Extension/ExtensionManifest.php
WordPressArticleMediaService.php	addons/wordpress/src/Services/WordPressArticleMediaService.php
GeneratedImageLibraryService.php	addons/media/src/Services/GeneratedImageLibraryService.php
AuditSeoDatabaseConnectionsCommand.php	addons/search-foundation/src/Console/AuditSeoDatabaseConnectionsCommand.php
AutomationFlowsPage.php	addons/agent/src/Filament/Pages/AutomationFlowsPage.php
SerpQueryRequest.php	addons/search-intelligence/src/Services/SerpIntelligence/Data/SerpQueryRequest.php
ArticleEditorHtmlSanitizeService.php	addons/content/src/Services/ArticleEditorHtmlSanitizeService.php
SeoArticle.php	addons/content/src/Models/SeoArticle.php
HasKeywordWorkspaceNavigation.php	addons/search-intelligence/src/Filament/Resources/KeywordResource/Pages/Concerns/HasKeywordWorkspaceNavigation.php
ArticleAiHistoryApplicationService.php	addons/content/src/Services/ArticleAiHistory/ArticleAiHistoryApplicationService.php
ArticleImproveExecutionResult.php	addons/content/src/Support/ArticleImproveExecutionResult.php
ListAutomationRules.php	addons/agent/src/Filament/Resources/AutomationRuleResource/Pages/ListAutomationRules.php
GscOpportunityContentProjectConverter.php	addons/search-intelligence/src/Services/GscIntelligence/GscOpportunityContentProjectConverter.php
AutomationWorkflowMapDefinitions.php	addons/agent/src/Automation/Presentation/Workflow/AutomationWorkflowMapDefinitions.php
KeywordLink.php	addons/search-foundation/src/Models/KeywordLink.php
SeoProjectTaskMoveService.php	addons/content-projects/src/Services/SeoProjectTaskMoveService.php
AllDomainsTeamWidget.php	addons/seo/src/Filament/Widgets/AllDomainsTeamWidget.php
GscQueryKeywordMapper.php	addons/search-intelligence/src/Services/GscIntelligence/GscQueryKeywordMapper.php
MoveProjectItemScheduleCommand.php	addons/content-projects/src/Services/ContentProject/Application/Commands/MoveProjectItemScheduleCommand.php
ContentProjectPlanTemplateRegistry.php	addons/content-projects/src/Services/ContentProject/Agent/Planner/ContentProjectPlanTemplateRegistry.php
SeoCreateRecord.php	addons/seo/src/Filament/Resources/Pages/SeoCreateRecord.php
SeoGscPerformanceAggregate.php	addons/search-intelligence/src/Models/SeoGscPerformanceAggregate.php
ArticleFaqWordPressImportService.php	addons/wordpress/src/Services/ArticleFaqWordPressImportService.php
DefaultCommentPromptInstaller.php	addons/ai-prompt/src/Services/PromptOwnership/DefaultCommentPromptInstaller.php
PromptResultAttacher.php	addons/seo/src/Contracts/PromptResultAttacher.php
PromptHookVersion.php	addons/ai-prompt/src/PromptHooks/Canonical/PromptHookVersion.php
ActionCatalogBootstrap.php	addons/agent/src/Automation/Registry/ActionCatalogBootstrap.php
InteractsWithSeoConnectionResourceRoutes.php	addons/seo/src/Filament/Concerns/InteractsWithSeoConnectionResourceRoutes.php
TeamChatAttachmentService.php	addons/content/src/Services/TeamChatAttachmentService.php
SerpProviderCapabilityService.php	addons/search-intelligence/src/Services/SerpProviderCapabilityService.php
SerperDevProvider.php	addons/search-intelligence/src/Providers/Serp/SerperDevProvider.php
SeoAiModel.php	addons/ai-prompt/src/Models/SeoAiModel.php
BusinessHookErrorCode.php	addons/agent/src/Automation/BusinessHook/Enums/BusinessHookErrorCode.php
KeywordGroupMetricSnapshot.php	addons/search-intelligence/src/Models/KeywordGroupMetricSnapshot.php
OperationStatusPresenter.php	addons/agent/src/Services/AgentWorkspace/Execution/Presentation/OperationStatusPresenter.php
KeywordWorkspaceThree.php	addons/search-intelligence/src/Filament/Resources/KeywordResource/Pages/KeywordWorkspaceThree.php
CanonicalCapabilityRegistry.php	addons/content-projects/src/Services/ContentProject/Application/Capabilities/CanonicalCapabilityRegistry.php
SeoScoringEngine.php	addons/seo/src/Services/SeoScoringEngine.php
SerpIntelligenceReadService.php	addons/search-intelligence/src/Services/SerpIntelligence/Agent/SerpIntelligenceReadService.php;addons/search-intelligence/src/Services/SerpIntelligence/Application/SerpIntelligenceReadService.php
TagPersistenceService.php	addons/search-foundation/src/Services/TagPersistenceService.php
PromptResultAttachService.php	addons/ai-prompt/src/Services/PromptResultAttachService.php
MigrateSeoArticleReviewsCommand.php	addons/content/src/Console/MigrateSeoArticleReviewsCommand.php
SeoMediaImageEditorResolverService.php	addons/media/src/Services/SeoMediaImageEditorResolverService.php
SeoAgentPackTemplate.php	addons/agent/src/Models/AgentWorkspace/SeoAgentPackTemplate.php
ArticleImproveInput.php	addons/content/src/Support/ArticleImproveInput.php
PromptHookExecuteController.php	addons/ai-prompt/src/Http/Controllers/PromptHookExecuteController.php
SyncArticleToWordPressPipeline.php	addons/wordpress/src/Services/SyncArticleToWordPressPipeline.php
AutomationWorkflowProjectionService.php	addons/agent/src/Automation/Presentation/Workflow/AutomationWorkflowProjectionService.php
AutomationEdgeBranch.php	addons/agent/src/Automation/BusinessHook/Enums/AutomationEdgeBranch.php
AutomationHealthService.php	addons/agent/src/Automation/BusinessHook/Services/AutomationHealthService.php
ArticleEditorFaqMutationService.php	addons/content/src/Services/ArticleEditor/ArticleEditorFaqMutationService.php
SiteSyncCutoverStateService.php	addons/site-sync/src/Services/Cutover/SiteSyncCutoverStateService.php
ContentPlatformRegistry.php	addons/agent/src/Extension/Registry/ContentPlatformRegistry.php
PromptHookEnvelopeValidator.php	addons/ai-prompt/src/PromptHooks/Runtime/PromptHookEnvelopeValidator.php
ListAutomationExecutions.php	addons/agent/src/Filament/Resources/AutomationExecutionResource/Pages/ListAutomationExecutions.php
MapGscQueryHandler.php	addons/search-intelligence/src/Services/GscIntelligence/Application/Handlers/MapGscQueryHandler.php
LocalSeoProvider.php	addons/seo/src/Extension/Builtin/LocalSeo/LocalSeoProvider.php
ContentProjectAgentSession.php	addons/content-projects/src/Models/ContentProjectAgentSession.php
ArticlePublishPayload.php	addons/publishing/src/Application/Publishing/ArticlePublishPayload.php
TopicalInternalLinkSuggestionService.php	addons/search-intelligence/src/Services/KeywordIntelligence/TopicalInternalLinkSuggestionService.php
AgentKnowledgeChunkData.php	addons/agent/src/Services/AgentWorkspace/Knowledge/Data/AgentKnowledgeChunkData.php
ArticleAiHistoryCommand.php	addons/content/src/Services/ArticleAiHistory/Application/Contracts/ArticleAiHistoryCommand.php
PromptManualGridWarning.php	addons/ai-prompt/src/Support/PromptManualGridWarning.php
ContentProjectItemGenerationDecision.php	addons/content-projects/src/Services/ContentProject/ContentProjectItemGenerationDecision.php
ContentProjectMetricKeys.php	addons/content-projects/src/Services/ContentProject/Operations/ContentProjectMetricKeys.php
ContentProjectDebugLifecycleOverrideService.php	addons/content-projects/src/Services/ContentProject/ContentProjectDebugLifecycleOverrideService.php
SerpOwnDomainDetector.php	addons/search-intelligence/src/Services/SerpIntelligence/SerpOwnDomainDetector.php
CtaKeywordBlacklistDebugService.php	addons/search-foundation/src/Services/CtaKeywordBlacklistDebugService.php
NotificationSeverity.php	addons/seo/src/Enums/NotificationSeverity.php
FakeLocalGscProvider.php	addons/search-intelligence/src/Services/GscIntelligence/Providers/FakeLocalGscProvider.php
AutomationModuleContext.php	addons/agent/src/Automation/Platform/AutomationModuleContext.php
SeoAgentMetricAggregate.php	addons/agent/src/Models/AgentWorkspace/SeoAgentMetricAggregate.php
DefinitionNotFound.php	addons/ai-prompt/src/PromptHooks/Exceptions/DefinitionNotFound.php
DefaultAgentExecutionOrchestrator.php	addons/agent/src/Services/AgentWorkspace/Execution/DefaultAgentExecutionOrchestrator.php
KeywordIntelligenceReadService.php	addons/search-intelligence/src/Services/KeywordIntelligence/Agent/KeywordIntelligenceReadService.php;addons/search-intelligence/src/Services/KeywordIntelligence/Application/KeywordIntelligenceReadService.php
ArticleMediaState.php	addons/media/src/Models/ArticleMediaState.php
ExtensionDiscovery.php	addons/agent/src/Extension/ExtensionDiscovery.php
GenerateSiteSyncComparisonReportCommand.php	addons/site-sync/src/Services/Application/Commands/GenerateSiteSyncComparisonReportCommand.php
DefaultAgentKnowledgeSourceRegistry.php	addons/agent/src/Services/AgentWorkspace/Knowledge/Services/DefaultAgentKnowledgeSourceRegistry.php
SaveTopicalMapVersionHandler.php	addons/search-intelligence/src/Services/KeywordIntelligence/Application/Handlers/SaveTopicalMapVersionHandler.php
SerpOverlapService.php	addons/search-intelligence/src/Services/SerpIntelligence/SerpOverlapService.php
ProductReviewsAuditWordpressStatusCommand.php	addons/wordpress/src/Console/ProductReviewsAuditWordpressStatusCommand.php
ContentProjectAutomationPolicy.php	addons/content-projects/src/Models/ContentProjectAutomationPolicy.php
ManualAutomationDispatchResult.php	addons/agent/src/Automation/BusinessHook/Data/ManualAutomationDispatchResult.php
ContentProjectItemsApproved.php	addons/content-projects/src/Services/ContentProject/Application/Events/ContentProjectItemsApproved.php
AgentGateway.php	addons/agent/src/Services/AgentWorkspace/AgentGateway.php
TestTask.php	addons/content-projects/src/Filament/Resources/TaskResource/Pages/TestTask.php
PublishingRetryPolicy.php	addons/publishing/src/Application/Publishing/PublishingRetryPolicy.php
ReconcileStuckPublishingCommand.php	addons/publishing/src/Console/ReconcileStuckPublishingCommand.php
SerpContentGapType.php	addons/search-intelligence/src/Enums/Serp/SerpContentGapType.php
GscSearchAppearance.php	addons/search-intelligence/src/Enums/Gsc/GscSearchAppearance.php
ApplyArticleOutlineArtifactCommand.php	addons/content/src/Services/ArticleAiHistory/Application/Commands/ApplyArticleOutlineArtifactCommand.php
AgentKnowledgeSearchResult.php	addons/agent/src/Services/AgentWorkspace/Knowledge/Data/AgentKnowledgeSearchResult.php
TextOutsideDeclaredSections.php	addons/ai-prompt/src/PromptHooks/Exceptions/TextOutsideDeclaredSections.php
CancelSerpCollectionCommand.php	addons/search-intelligence/src/Services/SerpIntelligence/Application/Commands/CancelSerpCollectionCommand.php
ArticleGenerateContentHookAction.php	addons/agent/src/Automation/BusinessHook/Actions/ArticleGenerateContentHookAction.php
ContentProjectItemIdentity.php	addons/content-projects/src/Support/ContentProject/ContentProjectItemIdentity.php
RetryProjectItemPublishingHandler.php	addons/content-projects/src/Services/ContentProject/Application/Handlers/RetryProjectItemPublishingHandler.php
WordPressManualSyncService.php	addons/wordpress/src/Services/WordPressManualSyncService.php
PublishingQueueStatusLabelBuilder.php	addons/publishing/src/Support/PublishingQueue/PublishingQueueStatusLabelBuilder.php
SerpIntelligenceActionCodes.php	addons/search-intelligence/src/Services/SerpIntelligence/Application/SerpIntelligenceActionCodes.php
AgentModelSelection.php	addons/agent/src/Services/AgentWorkspace/Planning/Data/AgentModelSelection.php
SyncContentProjectItemsHandler.php	addons/content-projects/src/Services/ContentProject/Application/Handlers/SyncContentProjectItemsHandler.php
RunKeywordDomainResyncJob.php	addons/search-foundation/src/Jobs/RunKeywordDomainResyncJob.php
ContentProjectActionResultNotifier.php	addons/content-projects/src/Services/ContentProject/Application/ContentProjectActionResultNotifier.php
ContentProjectMcpToolCatalog.php	addons/content-projects/src/Services/ContentProject/Agent/Mcp/ContentProjectMcpToolCatalog.php
GscQueryNormalizationService.php	addons/search-intelligence/src/Services/GscIntelligence/GscQueryNormalizationService.php
DefaultAgentPlanValidator.php	addons/agent/src/Services/AgentWorkspace/Planning/Services/DefaultAgentPlanValidator.php
SeoProjectKeywordAiGeneratorService.php	addons/content-projects/src/Services/SeoProjectKeywordAiGeneratorService.php
ContentProjectPostRunPipeline.php	addons/content-projects/src/Services/ContentProject/ContentProjectPostRunPipeline.php
SeoPendingInternalLink.php	addons/search-foundation/src/Models/SeoPendingInternalLink.php
TypographyCandidateGenerationService.php	addons/media/src/Services/TypographyCandidateGenerationService.php
WorkflowContributor.php	addons/agent/src/Extension/Contracts/WorkflowContributor.php
ObservabilitySkills.php	addons/agent/src/Services/AgentWorkspace/Skills/ObservabilitySkills.php
LocalSeoExtensionProvider.php	addons/seo/src/Extension/Builtin/LocalSeo/LocalSeoExtensionProvider.php
RequeueOverduePublishingCommand.php	addons/publishing/src/Console/RequeueOverduePublishingCommand.php
DomainCtaQuickTemplatesController.php	addons/search-foundation/src/Http/Controllers/DomainCtaQuickTemplatesController.php
ContentProjectGenerationReadStateStore.php	addons/content-projects/src/Services/ContentProject/ContentProjectGenerationReadStateStore.php
AgentAutomationRunRequest.php	addons/agent/src/Services/AgentWorkspace/Automation/Data/AgentAutomationRunRequest.php
SeoArticleRevisionRestoreRequest.php	addons/content/src/Http/Requests/SeoArticleRevisionRestoreRequest.php
AutomationFlowPresentationRegistry.php	addons/agent/src/Automation/Presentation/AutomationFlowPresentationRegistry.php
SeoProjectTaskEventType.php	addons/content-projects/src/Enums/SeoProjectTaskEventType.php
ArticleWritingInput.php	addons/content/src/Support/ArticleWritingInput.php
AgentMetricsAggregateCommand.php	addons/agent/src/Console/AgentMetricsAggregateCommand.php
ManualImportGscProvider.php	addons/search-intelligence/src/Services/GscIntelligence/Providers/ManualImportGscProvider.php
SeoEditRecord.php	addons/seo/src/Filament/Resources/Pages/SeoEditRecord.php
PublishingUnprojectedRepairService.php	addons/publishing/src/Services/Publishing/PublishingUnprojectedRepairService.php
ArticleAiHistoryDeleteService.php	addons/content/src/Services/ArticleAiHistory/ArticleAiHistoryDeleteService.php
ReportSeoProjectTaskStatusCommand.php	addons/content-projects/src/Console/ReportSeoProjectTaskStatusCommand.php
DuplicateOutputSection.php	addons/ai-prompt/src/PromptHooks/Exceptions/DuplicateOutputSection.php
KeywordReviewRequest.php	addons/search-foundation/src/Http/Requests/KeywordReviewRequest.php
SeoSiteSyncProviderTimeline.php	addons/site-sync/src/Models/SeoSiteSyncProviderTimeline.php
SeoMediaStorageService.php	addons/media/src/Services/SeoMediaStorageService.php
AnalyzeSelectedKeywordsHandler.php	addons/search-intelligence/src/Services/KeywordIntelligence/Application/Handlers/AnalyzeSelectedKeywordsHandler.php
SiteMcpDraft.php	addons/search-foundation/src/Services/SiteMcp/SiteMcpDraft.php
OperationalNotificationAudit.php	addons/seo/src/Services/Notifications/OperationalNotificationAudit.php
KeywordResultRenderer.php	addons/agent/src/Services/AgentWorkspace/Execution/Rendering/KeywordResultRenderer.php
ContentProjectMcpServer.php	addons/content-projects/src/Services/ContentProject/Agent/Mcp/ContentProjectMcpServer.php
AiProviderDriver.php	addons/ai-prompt/src/Extension/Contracts/AiProviderDriver.php
SkipProjectItemPublishingHandler.php	addons/content-projects/src/Services/ContentProject/Application/Handlers/SkipProjectItemPublishingHandler.php
ProductReviewReconciliationResult.php	addons/commerce/src/Services/ProductReview/Data/ProductReviewReconciliationResult.php
ProductGalleryChildValidator.php	addons/commerce/src/Services/ProductGallery/ProductGalleryChildValidator.php
SdkVersion.php	addons/agent/src/Extension/SdkVersion.php
ListSeoProjects.php	addons/content-projects/src/Filament/Resources/SeoProjectResource/Pages/ListSeoProjects.php
ExperimentalNotAllowed.php	addons/ai-prompt/src/PromptHooks/Exceptions/ExperimentalNotAllowed.php
ArticleProductReview.php	addons/commerce/src/Models/ArticleProductReview.php
AutomationDispatchCommand.php	addons/agent/src/Console/AutomationDispatchCommand.php
AiProvidersHealthDriver.php	addons/ai-prompt/src/Extension/Builtin/AiProviders/AiProvidersHealthDriver.php
TopicClusterBuilderService.php	addons/search-intelligence/src/Services/TopicClusterBuilderService.php
SeoMediaProcessingHistoryService.php	addons/media/src/Services/SeoMediaProcessingHistoryService.php
DefaultAgentAutomationOrchestrator.php	addons/agent/src/Services/AgentWorkspace/Automation/Services/DefaultAgentAutomationOrchestrator.php
SeoAgentExecutionPlan.php	addons/agent/src/Models/AgentWorkspace/SeoAgentExecutionPlan.php
TypographyTemporaryStorageService.php	addons/media/src/Services/TypographyTemporaryStorageService.php
ContentProjectPreviewToken.php	addons/content-projects/src/Services/ContentProject/Application/Support/ContentProjectPreviewToken.php
PersistsSeoDomainMetas.php	addons/search-foundation/src/Filament/Resources/DomainResource/Pages/Concerns/PersistsSeoDomainMetas.php
ProductGalleryPromptHookRuntime.php	addons/commerce/src/Services/ProductGallery/ProductGalleryPromptHookRuntime.php
ExcludeKeywordsCommand.php	addons/search-intelligence/src/Services/KeywordIntelligence/Application/Commands/ExcludeKeywordsCommand.php
ArticleTocExtractionService.php	addons/content/src/Services/ArticleTocExtractionService.php
AgentServiceProvider.php	addons/agent/src/AgentServiceProvider.php
ProjectListPresenter.php	addons/agent/src/Services/AgentWorkspace/Execution/Presentation/ProjectListPresenter.php
ArticlePreviewController.php	addons/content/src/Http/Controllers/ArticlePreviewController.php
PromptHookDeterministicTemplateRenderer.php	addons/ai-prompt/src/PromptHooks/Runtime/PromptHookDeterministicTemplateRenderer.php
ContentProjectAgentRateLimiter.php	addons/content-projects/src/Services/ContentProject/Agent/ContentProjectAgentRateLimiter.php
ExtensionStateStore.php	addons/agent/src/Extension/ExtensionStateStore.php
AgentMessageOutputSanitizer.php	addons/agent/src/Services/AgentWorkspace/AgentMessageOutputSanitizer.php
ProductGalleryModeOrchestrator.php	addons/commerce/src/Services/ProductGallery/ProductGalleryModeOrchestrator.php
ContentProjectOpsCounterTransitionMap.php	addons/content-projects/src/Support/ContentProject/ContentProjectOpsCounterTransitionMap.php
KeywordTag.php	addons/search-foundation/src/Models/KeywordTag.php
SeoRuleViolationsResolver.php	addons/seo/src/Support/SeoRuleViolationsResolver.php
GscOpportunityDetectionService.php	addons/search-intelligence/src/Services/GscIntelligence/GscOpportunityDetectionService.php
AgentObservabilityExportService.php	addons/agent/src/Services/AgentWorkspace/Observability/AgentObservabilityExportService.php
PromptHookPresentationService.php	addons/ai-prompt/src/Services/PromptOwnership/PromptHookPresentationService.php
PublishingStuckRecoveryService.php	addons/publishing/src/Services/Publishing/PublishingStuckRecoveryService.php
ActionRiskLevel.php	addons/agent/src/Automation/Enums/ActionRiskLevel.php
ApproveGscOpportunityCommand.php	addons/search-intelligence/src/Services/GscIntelligence/Application/Commands/ApproveGscOpportunityCommand.php
AutomationAuditDirectBusinessActionsCommand.php	addons/agent/src/Console/AutomationAuditDirectBusinessActionsCommand.php
ContentProjectPublishingQueueRunner.php	addons/content-projects/src/Services/ContentProject/ContentProjectPublishingQueueRunner.php
AgentAutomationControlRequest.php	addons/agent/src/Services/AgentWorkspace/Automation/Data/AgentAutomationControlRequest.php
ProductReviewCreationDecision.php	addons/commerce/src/Services/ProductReview/Data/ProductReviewCreationDecision.php
AgentObservabilityCatalog.php	addons/agent/src/Services/AgentWorkspace/Observability/AgentObservabilityCatalog.php
CreateSeoProject.php	addons/content-projects/src/Filament/Resources/SeoProjectResource/Pages/CreateSeoProject.php
MarkdownSemanticKeywordsParser.php	addons/search-foundation/src/Support/MarkdownSemanticKeywordsParser.php
ContentProjectDto.php	addons/content-projects/src/Services/ContentProject/Application/Dtos/ContentProjectDto.php
ApproveKeywordClustersCommand.php	addons/search-intelligence/src/Services/KeywordIntelligence/Application/Commands/ApproveKeywordClustersCommand.php
AgentExecutionPreview.php	addons/agent/src/Services/AgentWorkspace/Execution/Dtos/AgentExecutionPreview.php
WordPressSiteUrlMatcher.php	addons/wordpress/src/Support/WordPressSiteUrlMatcher.php
DomainGlobalCtaSettings.php	addons/seo/src/Filament/Pages/DomainGlobalCtaSettings.php
WordPressMediaRenameService.php	addons/wordpress/src/Services/WordPressMediaRenameService.php
SiteMcpOfficialGuard.php	addons/search-foundation/src/Services/SiteMcp/SiteMcpOfficialGuard.php
ArticleContentSslUrlNormalizer.php	addons/content/src/Support/ArticleContentSslUrlNormalizer.php
SyncArticleBodyMediaToWordPressJob.php	addons/wordpress/src/Jobs/SyncArticleBodyMediaToWordPressJob.php
SerpDevice.php	addons/search-intelligence/src/Enums/Serp/SerpDevice.php
ImageGenerationChainService.php	addons/media/src/Services/ImageGenerationChainService.php
EloquentAgentKnowledgeRepository.php	addons/agent/src/Services/AgentWorkspace/Knowledge/Services/EloquentAgentKnowledgeRepository.php
KeywordReviewStatus.php	addons/search-intelligence/src/Enums/KeywordReviewStatus.php;addons/search-intelligence/src/Enums/KeywordIntelligence/KeywordReviewStatus.php
AutomationRuleVersion.php	addons/agent/src/Automation/BusinessHook/Models/AutomationRuleVersion.php
TaskTestResult.php	addons/ai-prompt/src/Models/TaskTestResult.php
ImageModelInputLengthPolicy.php	addons/media/src/Support/ImageModelInputLengthPolicy.php
KeywordRankComparisonResultService.php	addons/search-intelligence/src/Services/KeywordRankComparisonResultService.php
SeoImageOptimizationService.php	addons/media/src/Services/SeoImageOptimizationService.php
ExtensionEvents.php	addons/agent/src/Extension/ExtensionEvents.php
KeywordProjectAssignmentService.php	addons/content-projects/src/Services/KeywordProjectAssignmentService.php
ArticleEditorFaqSnapshotService.php	addons/content/src/Services/ArticleEditor/ArticleEditorFaqSnapshotService.php
AiKeywordDiscoveryService.php	addons/search-intelligence/src/Services/AiKeywordDiscoveryService.php
PromptHookStatus.php	addons/ai-prompt/src/PromptHooks/Canonical/PromptHookStatus.php
DiscoverSiteCommand.php	addons/site-sync/src/Services/Application/Commands/DiscoverSiteCommand.php
SeoSerpSnapshot.php	addons/search-intelligence/src/Models/SeoSerpSnapshot.php
KeywordNormalizationResult.php	addons/search-intelligence/src/Services/KeywordIntelligence/Dto/KeywordNormalizationResult.php
LinkSuggestionStopPhraseFilter.php	addons/seo/src/Support/LinkSuggestionStopPhraseFilter.php
PromptHookErrorCode.php	addons/ai-prompt/src/PromptHooks/Support/PromptHookErrorCode.php
SeoWpMediaEditedPending.php	addons/media/src/Models/SeoWpMediaEditedPending.php
PromptHookOutputNormalizer.php	addons/ai-prompt/src/PromptHooks/PromptHookOutputNormalizer.php
LegacyParityMismatch.php	addons/ai-prompt/src/PromptHooks/Exceptions/LegacyParityMismatch.php
KeywordClusterCandidate.php	addons/search-intelligence/src/Services/KeywordIntelligence/Dto/KeywordClusterCandidate.php
AutomationRateLimitGuard.php	addons/agent/src/Automation/BusinessHook/Support/AutomationRateLimitGuard.php
CleanupContentProjectAgentSessionsCommand.php	addons/content-projects/src/Console/CleanupContentProjectAgentSessionsCommand.php
SerpProviderKeys.php	addons/search-intelligence/src/Support/SerpProviderKeys.php
RerunProjectItemStepHandler.php	addons/content-projects/src/Services/ContentProject/Application/Handlers/RerunProjectItemStepHandler.php
PublisherDriver.php	addons/publishing/src/Extension/Contracts/PublisherDriver.php
GoogleSearchConsoleOAuthController.php	addons/search-intelligence/src/Http/Controllers/GoogleSearchConsoleOAuthController.php
AssistantWidgetHealthRules.php	addons/seo/src/Support/AssistantWidgetHealthRules.php
ArticlePolylangSyncService.php	addons/wordpress/src/Services/ArticlePolylangSyncService.php
UpdateKeywordClassificationHandler.php	addons/search-intelligence/src/Services/KeywordIntelligence/Application/Handlers/UpdateKeywordClassificationHandler.php
ArticleEditorMediaAiService.php	addons/media/src/Services/ArticleEditorMediaAiService.php
ContentProjectCommand.php	addons/content-projects/src/Services/ContentProject/Application/Contracts/ContentProjectCommand.php
ProductReviewsDiagnoseStuckCommand.php	addons/commerce/src/Console/ProductReviewsDiagnoseStuckCommand.php
ClusterPrimaryKeywordSelector.php	addons/search-intelligence/src/Services/KeywordIntelligence/ClusterPrimaryKeywordSelector.php
SeoProjectRunItemViewData.php	addons/content-projects/src/Support/SeoProjectRunItemViewData.php
LinearRuleGraphAdapter.php	addons/agent/src/Automation/BusinessHook/Support/LinearRuleGraphAdapter.php
AgentGroundedContextPackage.php	addons/agent/src/Services/AgentWorkspace/Knowledge/Data/AgentGroundedContextPackage.php
AgentCapabilityCoverageAuditService.php	addons/agent/src/Services/AgentWorkspace/V1/AgentCapabilityCoverageAuditService.php
AgentProposedPlan.php	addons/agent/src/Services/AgentWorkspace/Planning/Data/AgentProposedPlan.php
ArticleWritingStableHealthService.php	addons/content/src/Services/ArticleWritingStableHealthService.php
SeoFaq.php	addons/content/src/Models/SeoFaq.php
ArticleWpEditRedirectController.php	addons/wordpress/src/Http/Controllers/ArticleWpEditRedirectController.php
PromptOutputContract.php	addons/ai-prompt/src/PromptHooks/Contracts/PromptOutputContract.php
NoOpContentProjectRunEventPublisher.php	addons/content-projects/src/Services/RunEngine/NoOpContentProjectRunEventPublisher.php
RenderedPromptRequest.php	addons/ai-prompt/src/PromptHooks/Runtime/RenderedPromptRequest.php
PublishReconcileResult.php	addons/publishing/src/Application/Publishing/PublishReconcileResult.php
ArticleCtaPlaceholderService.php	addons/content/src/Services/ArticleCtaPlaceholderService.php
AgentAutomationConditionEvaluator.php	addons/agent/src/Services/AgentWorkspace/Automation/Contracts/AgentAutomationConditionEvaluator.php
GscSerpGscMismatchType.php	addons/search-intelligence/src/Enums/Gsc/GscSerpGscMismatchType.php
KeywordPhraseUpdateService.php	addons/search-foundation/src/Services/KeywordPhraseUpdateService.php
ArticleKeywordLinkReconcileService.php	addons/search-foundation/src/Services/ArticleKeywordLinkReconcileService.php
SiteSyncSchema.php	addons/site-sync/src/Services/Contracts/SiteSyncSchema.php
AttachClusterToTopicHandler.php	addons/search-intelligence/src/Services/KeywordIntelligence/Application/Handlers/AttachClusterToTopicHandler.php
ApiConnectionListRow.php	addons/ai-prompt/src/Models/ApiConnectionListRow.php
ContentProjectCommandBusRegistrar.php	addons/content-projects/src/Services/ContentProject/Application/ContentProjectCommandBusRegistrar.php
SeoProjectTaskEventRecorder.php	addons/content-projects/src/Services/SeoProjectTaskEventRecorder.php
WordPressSiteSyncClient.php	addons/site-sync/src/Services/Inbound/WordPressSiteSyncClient.php
SeoSiteServiceDatabaseConfigurator.php	addons/search-foundation/src/Support/SeoSiteServiceDatabaseConfigurator.php
TypographyValidationLevel.php	addons/content/src/Support/TypographyValidationLevel.php
RejectSiteProfileSuggestionCommand.php	addons/site-sync/src/Services/Application/Commands/RejectSiteProfileSuggestionCommand.php
ContentProjectAutomationPolicyService.php	addons/content-projects/src/Services/ContentProject/Agent/Planner/ContentProjectAutomationPolicyService.php
SeoSiteSyncRepairPlan.php	addons/site-sync/src/Models/SeoSiteSyncRepairPlan.php
KeywordTopicStatus.php	addons/search-intelligence/src/Enums/KeywordIntelligence/KeywordTopicStatus.php
AgentPlanStepRunner.php	addons/agent/src/Services/AgentWorkspace/Execution/AgentPlanStepRunner.php
SeoProviderCapabilityState.php	addons/seo/src/DataTransfer/SeoProviderCapabilityState.php
PublishWordPressCommentReviewHookAction.php	addons/agent/src/Automation/BusinessHook/Actions/PublishWordPressCommentReviewHookAction.php
SeoToolsService.php	addons/seo/src/Services/SeoToolsService.php
ContentProjectOpsOptimisticCounterMerge.php	addons/content-projects/src/Support/ContentProject/ContentProjectOpsOptimisticCounterMerge.php
AutomationWorkflowMode.php	addons/agent/src/Automation/BusinessHook/Enums/AutomationWorkflowMode.php
ContentProjectAgentPlanRef.php	addons/content-projects/src/Services/ContentProject/Agent/Planner/ContentProjectAgentPlanRef.php
GscIntelligenceProviderInterface.php	addons/search-intelligence/src/Services/GscIntelligence/Contracts/GscIntelligenceProviderInterface.php
DomainOverviewService.php	addons/seo/src/Services/DomainOverviewService.php
SerpSnapshotPersistService.php	addons/search-intelligence/src/Services/SerpIntelligence/SerpSnapshotPersistService.php
PromptHookMigrationFlags.php	addons/ai-prompt/src/PromptHooks/Runtime/PromptHookMigrationFlags.php
AgentCapabilityResult.php	addons/content-projects/src/Services/ContentProject/Agent/AgentCapabilityResult.php
InteractsWithSeoConnectionRoutes.php	addons/seo/src/Filament/Concerns/InteractsWithSeoConnectionRoutes.php
UpdateTopicHandler.php	addons/search-intelligence/src/Services/KeywordIntelligence/Application/Handlers/UpdateTopicHandler.php
ArticleFaqEditorService.php	addons/content/src/Services/ArticleFaqEditorService.php
SeoAgentReview.php	addons/agent/src/Models/AgentWorkspace/SeoAgentReview.php
SerpUrlNormalizationService.php	addons/search-intelligence/src/Services/SerpIntelligence/SerpUrlNormalizationService.php
SiteMcpContextAssembler.php	addons/search-foundation/src/Services/SiteMcp/SiteMcpContextAssembler.php
SerpAllintitleResult.php	addons/content/src/DataTransfer/SerpAllintitleResult.php
AutomationGraphEdgeResolver.php	addons/agent/src/Automation/BusinessHook/Support/AutomationGraphEdgeResolver.php
KeywordCandidateBucketer.php	addons/search-intelligence/src/Services/KeywordIntelligence/KeywordCandidateBucketer.php
WorkflowStepDependencyException.php	addons/seo/src/Exceptions/WorkflowStepDependencyException.php
SeoProjectTaskStatus.php	addons/content-projects/src/Enums/SeoProjectTaskStatus.php
ImportSerpSnapshotHandler.php	addons/search-intelligence/src/Services/SerpIntelligence/Application/Handlers/ImportSerpSnapshotHandler.php
CreateKeywordWorkspaceHandler.php	addons/search-intelligence/src/Services/KeywordIntelligence/Application/Handlers/CreateKeywordWorkspaceHandler.php
PromptHookExecutionIntent.php	addons/ai-prompt/src/PromptHooks/Runtime/PromptHookExecutionIntent.php
AgentPackSafeSchemaValidator.php	addons/agent/src/Services/AgentWorkspace/Packs/AgentPackSafeSchemaValidator.php
PublisherResolver.php	addons/publishing/src/Application/Publishing/PublisherResolver.php
PromptOutputContractCatalog.php	addons/ai-prompt/src/PromptHooks/Contracts/PromptOutputContractCatalog.php
PublishIntent.php	addons/agent/src/Automation/Enums/PublishIntent.php
SeoAgentEvaluationResult.php	addons/agent/src/Models/AgentWorkspace/SeoAgentEvaluationResult.php
SeoLinkMapType.php	addons/seo/src/Enums/SeoLinkMapType.php
AgentKnowledgeRetriever.php	addons/agent/src/Services/AgentWorkspace/Knowledge/Contracts/AgentKnowledgeRetriever.php
ApiConnectionFormSchema.php	addons/ai-prompt/src/Support/ApiConnectionFormSchema.php
PromptBudgetStore.php	addons/ai-prompt/src/PromptHooks/Runtime/PromptBudgetStore.php
AiImageRequest.php	addons/media/src/Extension/Contracts/Ai/AiImageRequest.php
SeoDomainCtaGlobalSettingsService.php	addons/seo/src/Services/SeoDomainCtaGlobalSettingsService.php
PromptHookSpecV01Validator.php	addons/ai-prompt/src/PromptHooks/Spec/PromptHookSpecV01Validator.php
InputTooLarge.php	addons/ai-prompt/src/PromptHooks/Exceptions/InputTooLarge.php
SeoMediaResizeService.php	addons/media/src/Services/SeoMediaResizeService.php
ContentProjectOpsStateClassifier.php	addons/content-projects/src/Support/ContentProject/ContentProjectOpsStateClassifier.php
SeoMediaArticleSlugFixService.php	addons/media/src/Services/SeoMediaArticleSlugFixService.php
SeoSettingsRecommendationsContent.php	addons/seo/src/Support/SeoSettingsRecommendationsContent.php
ImprovePipelineDefinition.php	addons/agent/src/Extension/Builtin/ContentPipelines/Definitions/ImprovePipelineDefinition.php
Article.php	addons/content/src/Models/Article.php
SerpQueryNormalizationService.php	addons/search-intelligence/src/Services/SerpIntelligence/SerpQueryNormalizationService.php
AgentPackDiscoveryService.php	addons/agent/src/Services/AgentWorkspace/Packs/AgentPackDiscoveryService.php
SeoLogin.php	addons/seo/src/Filament/Pages/Auth/SeoLogin.php
ContentProjectExecutionFinalizer.php	addons/content-projects/src/Services/ContentProject/ContentProjectExecutionFinalizer.php
SocialIntegrationBoundary.php	addons/social/src/SocialIntegrationBoundary.php
ExecuteAutomationNodeJob.php	addons/agent/src/Automation/BusinessHook/Jobs/ExecuteAutomationNodeJob.php
SeoAuditResultRenderer.php	addons/agent/src/Services/AgentWorkspace/Execution/Rendering/SeoAuditResultRenderer.php
ArticleReviewStatus.php	addons/content/src/Enums/ArticleReviewStatus.php
OperationalNotificationService.php	addons/seo/src/Services/Notifications/OperationalNotificationService.php
ReviewCannibalizationIssueHandler.php	addons/search-intelligence/src/Services/KeywordIntelligence/Application/Handlers/ReviewCannibalizationIssueHandler.php
MigrationMode.php	addons/agent/src/Automation/Enums/MigrationMode.php
SerpIntelligenceProviderInterface.php	addons/search-intelligence/src/Services/SerpIntelligence/Contracts/SerpIntelligenceProviderInterface.php
DispatchClaimResult.php	addons/publishing/src/Services/Publishing/DispatchClaimResult.php
DispatchEventHookAction.php	addons/agent/src/Automation/BusinessHook/Actions/DispatchEventHookAction.php
SeoProviderConnectionStatusService.php	addons/search-intelligence/src/Services/SeoProviderConnectionStatusService.php
ContentProjectOperationsCenter.php	addons/content-projects/src/Filament/Pages/ContentProjectOperationsCenter.php
SeoProjectArchiveService.php	addons/content-projects/src/Services/SeoProjectArchiveService.php
PublishingQueueUnscheduledDefinition.php	addons/publishing/src/Support/PublishingQueue/PublishingQueueUnscheduledDefinition.php
GeminiModelVersionPolicy.php	addons/seo/src/Support/GeminiModelVersionPolicy.php
KeywordReviewService.php	addons/search-intelligence/src/Services/KeywordReviewService.php
SeoAgentAutomationApproval.php	addons/agent/src/Models/AgentWorkspace/SeoAgentAutomationApproval.php
ArticleEditorSessionException.php	addons/content/src/Services/ArticleEditor/ArticleEditorSessionException.php
GscIntelligenceProviderRegistry.php	addons/search-intelligence/src/Services/GscIntelligence/Contracts/GscIntelligenceProviderRegistry.php
ContentProjectWpAdapterMetricsService.php	addons/content-projects/src/Services/ContentProject/Operations/ContentProjectWpAdapterMetricsService.php
InstallDefaultProductGalleryPromptsCommand.php	addons/media/src/Console/InstallDefaultProductGalleryPromptsCommand.php
AssignmentCallerBridge.php	addons/agent/src/Automation/Migration/AssignmentCallerBridge.php
UnmapGscPageCommand.php	addons/search-intelligence/src/Services/GscIntelligence/Application/Commands/UnmapGscPageCommand.php
PublishingServiceProvider.php	addons/publishing/src/PublishingServiceProvider.php
BusinessTimelineEntryDto.php	addons/content-projects/src/Services/ContentProject/Application/Dtos/BusinessTimelineEntryDto.php
SeoGscQueryMapping.php	addons/search-intelligence/src/Models/SeoGscQueryMapping.php
SiteSyncProviderTimelineService.php	addons/site-sync/src/Services/Cutover/SiteSyncProviderTimelineService.php
AiProviderResolver.php	addons/ai-prompt/src/Extension/Resolvers/AiProviderResolver.php
GscPageMappingMethod.php	addons/search-intelligence/src/Enums/Gsc/GscPageMappingMethod.php
BusinessEventDispatcher.php	addons/agent/src/Automation/BusinessHook/Services/BusinessEventDispatcher.php
ExtractOldArticleTocsCommand.php	addons/content/src/Console/ExtractOldArticleTocsCommand.php
SyncPublishedArticleToWordPressHandler.php	addons/content-projects/src/Services/ContentProject/Application/Handlers/SyncPublishedArticleToWordPressHandler.php
ListArticleSyncQueue.php	addons/content/src/Filament/Resources/ArticleResource/Pages/ListArticleSyncQueue.php
KeywordIntelligenceActionCodes.php	addons/search-intelligence/src/Services/KeywordIntelligence/Application/KeywordIntelligenceActionCodes.php
AgentGovernancePolicyService.php	addons/agent/src/Services/AgentWorkspace/Observability/AgentGovernancePolicyService.php
AgentWorkspaceDeepLink.php	addons/agent/src/Services/AgentWorkspace/AgentWorkspaceDeepLink.php
ArticleFaqManualExtractService.php	addons/content/src/Services/ArticleFaqManualExtractService.php
ContentProjectPostSectionAnalyzer.php	addons/content-projects/src/Services/ContentProject/ContentProjectPostSectionAnalyzer.php
MapGscPageCommand.php	addons/search-intelligence/src/Services/GscIntelligence/Application/Commands/MapGscPageCommand.php
ValidateWorkspaceClustersWithSerpHandler.php	addons/search-intelligence/src/Services/SerpIntelligence/Application/Handlers/ValidateWorkspaceClustersWithSerpHandler.php
KeywordMetaKey.php	addons/search-foundation/src/Enums/KeywordMetaKey.php
AutomationSchedulerService.php	addons/agent/src/Automation/BusinessHook/Services/AutomationSchedulerService.php
CreateContentProjectFromKeywordClustersCommand.php	addons/search-intelligence/src/Services/KeywordIntelligence/Application/Commands/CreateContentProjectFromKeywordClustersCommand.php
AgentUntrustedContentMarker.php	addons/agent/src/Services/AgentWorkspace/Planning/Security/AgentUntrustedContentMarker.php
InlineLinkNormalizer.php	addons/seo/src/Services/InlineLinkNormalizer.php
AgentSkillRegistry.php	addons/agent/src/Services/AgentWorkspace/AgentSkillRegistry.php
GscExpectedCtrModel.php	addons/search-intelligence/src/Services/GscIntelligence/GscExpectedCtrModel.php
SeoMediaArticleSlugFixAllService.php	addons/content-projects/src/Services/ContentProject/SeoMediaArticleSlugFixAllService.php
GscPeriodType.php	addons/search-intelligence/src/Enums/Gsc/GscPeriodType.php
ArticleMetaAuditCommand.php	addons/content/src/Console/ArticleMetaAuditCommand.php
ContentProjectRunEventPublisher.php	addons/content-projects/src/Services/RunEngine/ContentProjectRunEventPublisher.php
PreviewArticleAiArtifactCommand.php	addons/content/src/Services/ArticleAiHistory/Application/Commands/PreviewArticleAiArtifactCommand.php
ArticleWritingExecutionMode.php	addons/content/src/Enums/ArticleWritingExecutionMode.php
SerpPageTypeClassifier.php	addons/search-intelligence/src/Services/SerpIntelligence/SerpPageTypeClassifier.php
RestoreContentProjectCommand.php	addons/content-projects/src/Services/ContentProject/Application/Commands/RestoreContentProjectCommand.php
PromptHookBudgetGuard.php	addons/ai-prompt/src/PromptHooks/Runtime/PromptHookBudgetGuard.php
KeywordIntelligencePublicRef.php	addons/search-intelligence/src/Services/KeywordIntelligence/Application/KeywordIntelligencePublicRef.php
AgentPlanStepStatus.php	addons/content-projects/src/Services/ContentProject/Agent/Planner/AgentPlanStepStatus.php
KeywordLinkDetailPanelPresenter.php	addons/search-foundation/src/Support/KeywordLinkDetailPanelPresenter.php
ViewAutomationRule.php	addons/agent/src/Filament/Resources/AutomationRuleResource/Pages/ViewAutomationRule.php
SerpOrganicResult.php	addons/content/src/DataTransfer/SerpOrganicResult.php
AgentKnowledgeChunker.php	addons/agent/src/Services/AgentWorkspace/Knowledge/Services/AgentKnowledgeChunker.php
AutomationInputMapper.php	addons/agent/src/Automation/BusinessHook/Support/AutomationInputMapper.php
TranslatePipelineDefinition.php	addons/agent/src/Extension/Builtin/ContentPipelines/Definitions/TranslatePipelineDefinition.php
SeoProjectTaskSyncDataNormalizer.php	addons/content-projects/src/Support/SeoProjectTaskSyncDataNormalizer.php
CreateProjectTaskFromSeoIssueAction.php	addons/agent/src/Automation/Actions/Seo/CreateProjectTaskFromSeoIssueAction.php
RunMetadataDomainSyncJob.php	addons/site-sync/src/Jobs/RunMetadataDomainSyncJob.php
ActivateSiteSyncV2Command.php	addons/site-sync/src/Services/Application/Commands/ActivateSiteSyncV2Command.php
ArticleEditorSeoMetaRequest.php	addons/seo/src/Http/Requests/ArticleEditorSeoMetaRequest.php
AgentChatTemplateRegistry.php	addons/agent/src/Services/AgentWorkspace/AgentChatTemplateRegistry.php
BudgetExceeded.php	addons/ai-prompt/src/PromptHooks/Exceptions/BudgetExceeded.php
SiteSyncDualRunComparator.php	addons/site-sync/src/Services/Orchestration/SiteSyncDualRunComparator.php
RepairGscDateRangeCommand.php	addons/search-intelligence/src/Services/GscIntelligence/Application/Commands/RepairGscDateRangeCommand.php
CreateSerpQueriesHandler.php	addons/search-intelligence/src/Services/SerpIntelligence/Application/Handlers/CreateSerpQueriesHandler.php
AutoScheduleProjectItemsCommand.php	addons/content-projects/src/Services/ContentProject/Application/Commands/AutoScheduleProjectItemsCommand.php
CreateContentProjectFromGscOpportunitiesCommand.php	addons/search-intelligence/src/Services/GscIntelligence/Application/Commands/CreateContentProjectFromGscOpportunitiesCommand.php
ViewSeoProjectRunStep.php	addons/content-projects/src/Filament/Resources/SeoProjectResource/Pages/ViewSeoProjectRunStep.php
ResumeProjectExecutionHandler.php	addons/content-projects/src/Services/ContentProject/Application/Handlers/ResumeProjectExecutionHandler.php
PromptResult.php	addons/ai-prompt/src/Models/PromptResult.php
ContentProjectAgentPlanGateway.php	addons/content-projects/src/Services/ContentProject/Agent/Planner/ContentProjectAgentPlanGateway.php
ApproveGscOpportunityHandler.php	addons/search-intelligence/src/Services/GscIntelligence/Application/Handlers/ApproveGscOpportunityHandler.php
ArticleListDiagnostics.php	addons/content/src/Support/ArticleListDiagnostics.php
ImportGscPerformanceDataHandler.php	addons/search-intelligence/src/Services/GscIntelligence/Application/Handlers/ImportGscPerformanceDataHandler.php
SeoGscPageMapping.php	addons/search-intelligence/src/Models/SeoGscPageMapping.php
PromptHookExecutionInput.php	addons/ai-prompt/src/PromptHooks/Runtime/PromptHookExecutionInput.php
SiteMcpGenerator.php	addons/search-foundation/src/Services/SiteMcp/SiteMcpGenerator.php
SeoProjectTaskSyncService.php	addons/content-projects/src/Services/SeoProjectTaskSyncService.php
SeoSiteSyncComparisonRun.php	addons/site-sync/src/Models/SeoSiteSyncComparisonRun.php
ImageRoutingStrategy.php	addons/media/src/Support/ImageRoutingStrategy.php
AutomationMenuRegistry.php	addons/agent/src/Automation/Platform/Registry/AutomationMenuRegistry.php
MergeKeywordClustersHandler.php	addons/search-intelligence/src/Services/KeywordIntelligence/Application/Handlers/MergeKeywordClustersHandler.php
PromptHookFailureCode.php	addons/ai-prompt/src/PromptHooks/Support/PromptHookFailureCode.php
ProjectDetailPresenter.php	addons/agent/src/Services/AgentWorkspace/Execution/Presentation/ProjectDetailPresenter.php
AutomationMigrationFlags.php	addons/agent/src/Automation/Migration/AutomationMigrationFlags.php
AddGscQueriesToKeywordWorkspaceCommand.php	addons/search-intelligence/src/Services/GscIntelligence/Application/Commands/AddGscQueriesToKeywordWorkspaceCommand.php
ObservingAgentKnowledgeRetriever.php	addons/agent/src/Services/AgentWorkspace/Observability/Decorators/ObservingAgentKnowledgeRetriever.php
ContentProjectRuntimeDto.php	addons/content-projects/src/Services/ContentProject/Application/Dtos/ContentProjectRuntimeDto.php
SeoIssueProjectTaskAssignmentService.php	addons/seo/src/Services/SeoIssueProjectTaskAssignmentService.php
ContentProjectAgentApprovalService.php	addons/content-projects/src/Services/ContentProject/Agent/Planner/ContentProjectAgentApprovalService.php
WordPressPermalinkBuilder.php	addons/wordpress/src/Support/WordPressPermalinkBuilder.php
ArticleMediaLocalServiceBridge.php	addons/commerce/src/Services/ProductGallery/ArticleMediaLocalServiceBridge.php
SeoDatabaseConnectionService.php	addons/search-foundation/src/Services/SeoDatabaseConnectionService.php
PublishingQueuePublishingDefinition.php	addons/publishing/src/Support/PublishingQueue/PublishingQueuePublishingDefinition.php
AutomationWordPressContext.php	addons/wordpress/src/Services/SideEffect/AutomationWordPressContext.php
ResolveSerpContentGapHandler.php	addons/search-intelligence/src/Services/SerpIntelligence/Application/Handlers/ResolveSerpContentGapHandler.php
ProductGalleryCanaryCleanupService.php	addons/commerce/src/Services/ProductGallery/ProductGalleryCanaryCleanupService.php
WorkflowExistingAiOutputService.php	addons/ai-prompt/src/Services/WorkflowExistingAiOutputService.php
ContentProjectArchiveVaultListPresenter.php	addons/content-projects/src/Support/ContentProject/ContentProjectArchiveVaultListPresenter.php
ResumeProjectItemFromFailedStepCommand.php	addons/content-projects/src/Services/ContentProject/Application/Commands/ResumeProjectItemFromFailedStepCommand.php
ContentProjectStatusBadgePresenter.php	addons/content-projects/src/Support/ContentProject/ContentProjectStatusBadgePresenter.php
EditTaskWorkflow.php	addons/content-projects/src/Filament/Resources/TaskResource/Pages/EditTaskWorkflow.php
AutomationRuleVersionEdge.php	addons/agent/src/Automation/BusinessHook/Models/AutomationRuleVersionEdge.php
ResumeProjectExecutionCommand.php	addons/content-projects/src/Services/ContentProject/Application/Commands/ResumeProjectExecutionCommand.php
ProductGalleryReadyState.php	addons/media/src/Support/ProductGallery/ProductGalleryReadyState.php
PillarTopicSelector.php	addons/search-intelligence/src/Services/KeywordIntelligence/PillarTopicSelector.php
SeoPerformanceHub.php	addons/search-intelligence/src/Filament/Pages/SeoPerformanceHub.php
WordPressGateway.php	addons/wordpress/src/Services/SideEffect/WordPressGateway.php
StartReviewHandler.php	addons/content-projects/src/Services/ContentProject/Application/Handlers/StartReviewHandler.php
PromptPostProcessingApplyService.php	addons/ai-prompt/src/Services/PromptPostProcessingApplyService.php
SeoSiteSyncRun.php	addons/site-sync/src/Models/SeoSiteSyncRun.php
ArticleEditorSaveContext.php	addons/content/src/Support/ArticleEditorSaveContext.php
SerpPageType.php	addons/search-intelligence/src/Enums/Serp/SerpPageType.php
PromptProviderCapabilityResolver.php	addons/ai-prompt/src/PromptHooks/Provider/PromptProviderCapabilityResolver.php
SeoImageResizeMath.php	addons/media/src/Support/SeoImageResizeMath.php
AutomationSkills.php	addons/agent/src/Services/AgentWorkspace/Skills/AutomationSkills.php
SimpleMarkdownHtmlConverter.php	addons/content/src/Support/SimpleMarkdownHtmlConverter.php
GscQueryCannibalizationDetector.php	addons/search-intelligence/src/Services/GscIntelligence/GscQueryCannibalizationDetector.php
KeywordDomainResyncService.php	addons/search-intelligence/src/Services/KeywordDomainResyncService.php
ListPrompts.php	addons/ai-prompt/src/Filament/Resources/PromptResource/Pages/ListPrompts.php
DefaultAgentKnowledgeRetriever.php	addons/agent/src/Services/AgentWorkspace/Knowledge/Services/DefaultAgentKnowledgeRetriever.php
AgentExecutionResult.php	addons/agent/src/Services/AgentWorkspace/Execution/Dtos/AgentExecutionResult.php
AgentExecutionPlanService.php	addons/agent/src/Services/AgentWorkspace/AgentExecutionPlanService.php
ArtifactReusePolicy.php	addons/content-projects/src/Services/Workflow/ArtifactReusePolicy.php
AiProviderHealthResult.php	addons/ai-prompt/src/Extension/Contracts/Ai/AiProviderHealthResult.php
AutomationNodeExecutionStatus.php	addons/agent/src/Automation/BusinessHook/Enums/AutomationNodeExecutionStatus.php
KeywordCannibalizationIssueStatus.php	addons/search-intelligence/src/Enums/KeywordIntelligence/KeywordCannibalizationIssueStatus.php
ArticleMarkdownImportParser.php	addons/content/src/Support/ArticleMarkdownImportParser.php
DomainTechnicalSeoForm.php	addons/search-foundation/src/Filament/Resources/DomainResource/Forms/DomainTechnicalSeoForm.php
AgentGroundingEvaluator.php	addons/agent/src/Services/AgentWorkspace/Observability/Evaluation/AgentGroundingEvaluator.php
GscBrandQueryClassifier.php	addons/search-intelligence/src/Services/GscIntelligence/GscBrandQueryClassifier.php
UpdateGscPropertyCommand.php	addons/search-intelligence/src/Services/GscIntelligence/Application/Commands/UpdateGscPropertyCommand.php
MismatchedSectionMarker.php	addons/ai-prompt/src/PromptHooks/Exceptions/MismatchedSectionMarker.php
ImportKeywordsCommand.php	addons/search-intelligence/src/Services/KeywordIntelligence/Application/Commands/ImportKeywordsCommand.php
ArticlePipelineRerunStartStepResolver.php	addons/content-projects/src/Services/ArticlePipelineRerunStartStepResolver.php
KeywordToContentProjectConverter.php	addons/search-intelligence/src/Services/KeywordIntelligence/KeywordToContentProjectConverter.php
CreateTask.php	addons/content-projects/src/Filament/Resources/TaskResource/Pages/CreateTask.php
ArticleGoogleSerpPreviewService.php	addons/seo/src/Services/ArticleGoogleSerpPreviewService.php
PromptTextMetrics.php	addons/ai-prompt/src/Support/PromptTextMetrics.php
PromptContractNotificationPublisher.php	addons/seo/src/Services/Notifications/Publishers/PromptContractNotificationPublisher.php
SeoLinkMapHttpAuditClassifier.php	addons/seo/src/Support/SeoLinkMapHttpAuditClassifier.php
ContentProjectQueueRuntimeSafety.php	addons/content-projects/src/Support/Queue/ContentProjectQueueRuntimeSafety.php
ArticleEditorDocumentException.php	addons/content/src/Services/ArticleEditor/Document/ArticleEditorDocumentException.php
WordPressProductReviewStatusService.php	addons/commerce/src/Services/ProductReview/WordPressProductReviewStatusService.php
CancelSerpCollectionHandler.php	addons/search-intelligence/src/Services/SerpIntelligence/Application/Handlers/CancelSerpCollectionHandler.php
WpPluginContractMap.php	addons/wordpress/src/WpPluginContractMap.php
SeoSiteLinkCatalog.php	addons/site-sync/src/Models/SeoSiteLinkCatalog.php
ArticleImproveExecutionService.php	addons/content/src/Services/ArticleImproveExecutionService.php
AutomationDispatchScheduledCommand.php	addons/publishing/src/Console/AutomationDispatchScheduledCommand.php
ArticleAiHistoryActionResult.php	addons/content/src/Services/ArticleAiHistory/ArticleAiHistoryActionResult.php
ContentProjectItemGenerationLaunchPlanner.php	addons/content-projects/src/Services/ContentProject/ContentProjectItemGenerationLaunchPlanner.php
BusinessEventRegistry.php	addons/agent/src/Automation/BusinessHook/Registry/BusinessEventRegistry.php
ContentProjectCreated.php	addons/content-projects/src/Services/ContentProject/Application/Events/ContentProjectCreated.php
RunSeoAuditAction.php	addons/agent/src/Automation/Actions/Seo/RunSeoAuditAction.php
SeoKeywordWorkspace.php	addons/search-intelligence/src/Models/KeywordIntelligence/SeoKeywordWorkspace.php
SeoImagePipeline.php	addons/media/src/Support/SeoImagePipeline.php
RedirectsSeoAutomationToAdmin.php	addons/seo/src/Filament/Concerns/RedirectsSeoAutomationToAdmin.php
AiProviderRegistry.php	addons/ai-prompt/src/Extension/Registry/AiProviderRegistry.php
RunSiteSyncOrchestrator.php	addons/site-sync/src/Services/Orchestration/RunSiteSyncOrchestrator.php
ReconcilePublishingQueueRemoteTasksHandler.php	addons/content-projects/src/Services/ContentProject/Application/Handlers/ReconcilePublishingQueueRemoteTasksHandler.php
AgentKnowledgeSourceRegistry.php	addons/agent/src/Services/AgentWorkspace/Knowledge/Contracts/AgentKnowledgeSourceRegistry.php
SerpCollectionOperationService.php	addons/search-intelligence/src/Services/SerpIntelligence/SerpCollectionOperationService.php
SeoAgentAutomation.php	addons/agent/src/Models/AgentWorkspace/SeoAgentAutomation.php
BulkResyncPublishedArticlesToWordPressCommand.php	addons/content-projects/src/Services/ContentProject/Application/Commands/BulkResyncPublishedArticlesToWordPressCommand.php
BusinessActionDispatcher.php	addons/agent/src/Automation/Contracts/BusinessActionDispatcher.php
ProjectTaskSourceKeyGenerator.php	addons/content-projects/src/Support/ProjectTaskSourceKeyGenerator.php
IgnoreSerpContentGapCommand.php	addons/search-intelligence/src/Services/SerpIntelligence/Application/Commands/IgnoreSerpContentGapCommand.php
AutomationRunMode.php	addons/agent/src/Automation/BusinessHook/Enums/AutomationRunMode.php
SerpResultType.php	addons/search-intelligence/src/Enums/Serp/SerpResultType.php
ArticleQuickTranslateService.php	addons/content/src/Services/ArticleQuickTranslateService.php
AutomationCleanupExecutionLogsCommand.php	addons/search-intelligence/src/Console/AutomationCleanupExecutionLogsCommand.php
GscSearchAnalyticsResult.php	addons/search-intelligence/src/Services/GscIntelligence/Data/GscSearchAnalyticsResult.php
ArticleEditorSeoPayloadService.php	addons/content/src/Services/ArticleEditorSeoPayloadService.php
PromptHookStatusCommand.php	addons/ai-prompt/src/Console/PromptHookStatusCommand.php
SeoProviderCapabilityKey.php	addons/seo/src/Enums/SeoProviderCapabilityKey.php
SiteInfoPresenter.php	addons/agent/src/Services/AgentWorkspace/Execution/Presentation/SiteInfoPresenter.php
KeywordReviewHistory.php	addons/search-intelligence/src/Models/KeywordReviewHistory.php
PromptHookExtensionRegistry.php	addons/ai-prompt/src/Extension/Registry/PromptHookExtensionRegistry.php
ArticlePublished.php	addons/content-projects/src/Services/ContentProject/Application/Events/ArticlePublished.php
RepairLegacyContentProjectGenerationCommand.php	addons/content-projects/src/Console/RepairLegacyContentProjectGenerationCommand.php
CacheLockWorkspaceCleaner.php	addons/content-projects/src/Services/ContentProject/Workspace/Cleaners/CacheLockWorkspaceCleaner.php
ProductReviewReconciliationService.php	addons/commerce/src/Services/ProductReview/ProductReviewReconciliationService.php
ReviewCannibalizationIssueCommand.php	addons/search-intelligence/src/Services/KeywordIntelligence/Application/Commands/ReviewCannibalizationIssueCommand.php
AgentPlanningOrchestrator.php	addons/agent/src/Services/AgentWorkspace/Planning/Contracts/AgentPlanningOrchestrator.php
ArticleEditorSessionStatus.php	addons/content/src/Enums/ArticleEditorSessionStatus.php
ProductGalleryPromptVariableNormalizer.php	addons/ai-prompt/src/Support/ProductGallery/ProductGalleryPromptVariableNormalizer.php
RequeueSiteSyncInboundEventCommand.php	addons/site-sync/src/Services/Application/Commands/RequeueSiteSyncInboundEventCommand.php
AgentMetricRecorder.php	addons/agent/src/Services/AgentWorkspace/Observability/AgentMetricRecorder.php
SeoKeywordCluster.php	addons/search-intelligence/src/Models/KeywordIntelligence/SeoKeywordCluster.php
PromptRunnerProviderAdapter.php	addons/ai-prompt/src/PromptHooks/Provider/PromptRunnerProviderAdapter.php
SiteSyncDifferenceClassifier.php	addons/site-sync/src/Services/Comparison/SiteSyncDifferenceClassifier.php
SeoArticleRevisionService.php	addons/content/src/Services/SeoArticleRevisionService.php
DispatchDueAgentAutomationsCommand.php	addons/agent/src/Console/DispatchDueAgentAutomationsCommand.php
SeoLinkMapNetworkStatusPresenter.php	addons/seo/src/Support/SeoLinkMapNetworkStatusPresenter.php
SetTopicRelationshipHandler.php	addons/search-intelligence/src/Services/KeywordIntelligence/Application/Handlers/SetTopicRelationshipHandler.php
EloquentAgentAutomationRepository.php	addons/agent/src/Services/AgentWorkspace/Automation/Services/EloquentAgentAutomationRepository.php
WpSyncStatusTable.php	addons/wordpress/src/Filament/Widgets/WpSyncStatusTable.php
ContentProjectArchive.php	addons/content-projects/src/Filament/Resources/SeoProjectResource/Pages/ContentProjectArchive.php
RepairContentProjectMonthDriftCommand.php	addons/content-projects/src/Console/RepairContentProjectMonthDriftCommand.php
RecoverStuckPublishingHandler.php	addons/content-projects/src/Services/ContentProject/Application/Handlers/RecoverStuckPublishingHandler.php
PromptHookPhase1DualReadAdapter.php	addons/ai-prompt/src/PromptHooks/Runtime/PromptHookPhase1DualReadAdapter.php
SeoAuditScanService.php	addons/seo/src/Services/SeoAuditScanService.php
UpdateArticleSeoMetaAction.php	addons/agent/src/Automation/Actions/Article/UpdateArticleSeoMetaAction.php
ContentProjectRunEngineFeature.php	addons/content-projects/src/Support/RunEngine/ContentProjectRunEngineFeature.php
ArticleSeoScorePreviewController.php	addons/seo/src/Http/Controllers/ArticleSeoScorePreviewController.php
AgentAutomationDefinitionResult.php	addons/agent/src/Services/AgentWorkspace/Automation/Data/AgentAutomationDefinitionResult.php
KeywordClusterMutationService.php	addons/search-intelligence/src/Services/KeywordIntelligence/KeywordClusterMutationService.php
DefaultImprovePromptInstaller.php	addons/ai-prompt/src/Services/PromptOwnership/DefaultImprovePromptInstaller.php
SearchApiProvider.php	addons/search-intelligence/src/Providers/Serp/SearchApiProvider.php
AutomationAvailabilityResult.php	addons/agent/src/Automation/BusinessHook/Data/AutomationAvailabilityResult.php
SeoCreateArticleSettingsReader.php	addons/content/src/Contracts/SeoCreateArticleSettingsReader.php
PromptHookRenderedPromptCompiler.php	addons/ai-prompt/src/PromptHooks/Runtime/PromptHookRenderedPromptCompiler.php
SiteSyncLockService.php	addons/site-sync/src/Services/Orchestration/SiteSyncLockService.php
CapabilityKind.php	addons/content-projects/src/Services/ContentProject/Application/Capabilities/CapabilityKind.php
GscProjectItemPerformanceDeriver.php	addons/search-intelligence/src/Services/GscIntelligence/GscProjectItemPerformanceDeriver.php
PromptMediaStorageService.php	addons/ai-prompt/src/Services/PromptMediaStorageService.php
InvalidInput.php	addons/ai-prompt/src/PromptHooks/Exceptions/InvalidInput.php
CreateAutomationRule.php	addons/agent/src/Filament/Resources/AutomationRuleResource/Pages/CreateAutomationRule.php
VersionNotFound.php	addons/ai-prompt/src/PromptHooks/Exceptions/VersionNotFound.php
ArticleScoreSourceReconciler.php	addons/site-sync/src/Services/Reconciliation/ArticleScoreSourceReconciler.php
PublishingQueueAwaitingWorkerDefinition.php	addons/publishing/src/Support/PublishingQueue/PublishingQueueAwaitingWorkerDefinition.php
ValidateClusterWithSerpCommand.php	addons/search-intelligence/src/Services/SerpIntelligence/Application/Commands/ValidateClusterWithSerpCommand.php
UpdateKeywordClassificationCommand.php	addons/search-intelligence/src/Services/KeywordIntelligence/Application/Commands/UpdateKeywordClassificationCommand.php
AllDomainsListWidget.php	addons/seo/src/Filament/Widgets/AllDomainsListWidget.php
ProductGalleryCanaryAccess.php	addons/media/src/Support/ProductGallery/ProductGalleryCanaryAccess.php
ContentProjectLifecycle.php	addons/content-projects/src/Support/ContentProject/ContentProjectLifecycle.php
ContentProjectQuotaGuard.php	addons/content-projects/src/Services/ContentProject/Application/Quotas/ContentProjectQuotaGuard.php
SeoArticleRevision.php	addons/content/src/Models/SeoArticleRevision.php
SeoProjectArticleOwnerSyncService.php	addons/content-projects/src/Services/SeoProjectArticleOwnerSyncService.php
AllDomainsDashboardService.php	addons/seo/src/Services/AllDomainsDashboardService.php
SiteSyncBatchReconciler.php	addons/site-sync/src/Services/Reconciliation/SiteSyncBatchReconciler.php
ProductReviewPendingRepository.php	addons/commerce/src/Services/ProductReview/ProductReviewPendingRepository.php
SeoProjectRunErrorFormatter.php	addons/content-projects/src/Support/SeoProjectRunErrorFormatter.php
KeywordWorkspaceStatus.php	addons/search-intelligence/src/Enums/KeywordIntelligence/KeywordWorkspaceStatus.php
ArticleWritingSourceProvider.php	addons/content/src/Contracts/ArticleWritingSourceProvider.php
SeoSiteSyncRunStep.php	addons/site-sync/src/Models/SeoSiteSyncRunStep.php
ArticleLinkSuggestionContentKeywordFallback.php	addons/content/src/Services/ArticleLinkSuggestionContentKeywordFallback.php
PromptHookBinding.php	addons/ai-prompt/src/PromptHooks/Runtime/PromptHookBinding.php
FetchSerpPageEvidenceHandler.php	addons/search-intelligence/src/Services/SerpIntelligence/Application/Handlers/FetchSerpPageEvidenceHandler.php
SeoSettings.php	addons/seo/src/Filament/Pages/SeoSettings.php
WordPressSideEffectGuard.php	addons/wordpress/src/Services/SideEffect/WordPressSideEffectGuard.php
ArticleDomainMismatch.php	addons/content/src/Filament/Resources/ArticleResource/Pages/ArticleDomainMismatch.php
AutomationDefaultRulesSeeder.php	addons/agent/src/Automation/BusinessHook/Seed/AutomationDefaultRulesSeeder.php
ContentProjectExecutionStalenessPolicy.php	addons/content-projects/src/Services/ContentProject/ContentProjectExecutionStalenessPolicy.php
ArticleEditorFaqSnapshotController.php	addons/content/src/Http/Controllers/ArticleEditorFaqSnapshotController.php
ProjectRunItemLegacyJsonPresenter.php	addons/content-projects/src/Support/ProjectRunItemLegacyJsonPresenter.php
ApproveKeywordClustersHandler.php	addons/search-intelligence/src/Services/KeywordIntelligence/Application/Handlers/ApproveKeywordClustersHandler.php
ListKeywordWorkspaces.php	addons/search-intelligence/src/Filament/Pages/KeywordIntelligence/ListKeywordWorkspaces.php
SeoApiConnectionProviderCatalog.php	addons/ai-prompt/src/Services/SeoApiConnectionProviderCatalog.php
UnmapGscPageHandler.php	addons/search-intelligence/src/Services/GscIntelligence/Application/Handlers/UnmapGscPageHandler.php
AgentTraceService.php	addons/agent/src/Services/AgentWorkspace/Observability/AgentTraceService.php
AutomationMigrateRuleVersionsCommand.php	addons/agent/src/Console/AutomationMigrateRuleVersionsCommand.php
ObservingAgentAutomationRunner.php	addons/agent/src/Services/AgentWorkspace/Observability/Decorators/ObservingAgentAutomationRunner.php
ProviderRefused.php	addons/ai-prompt/src/PromptHooks/Exceptions/ProviderRefused.php
SerpImportPreview.php	addons/search-intelligence/src/Services/SerpIntelligence/Data/SerpImportPreview.php
GlobalSeoBar.php	addons/seo/src/Livewire/GlobalSeoBar.php
AutomationDisableAllRulesCommand.php	addons/agent/src/Console/AutomationDisableAllRulesCommand.php
ContentProjectResultRenderer.php	addons/agent/src/Services/AgentWorkspace/Execution/Rendering/ContentProjectResultRenderer.php
RunAgentAutomationJob.php	addons/agent/src/Jobs/RunAgentAutomationJob.php
BridgingAutomationEventDispatcher.php	addons/agent/src/Automation/BusinessHook/Events/BridgingAutomationEventDispatcher.php
SerpGscEvidenceReconciler.php	addons/search-intelligence/src/Services/GscIntelligence/SerpGscEvidenceReconciler.php
WpSyncLeaseHeartbeat.php	addons/wordpress/src/Services/WpSyncLeaseHeartbeat.php
CreateContentProjectFromGscOpportunitiesHandler.php	addons/search-intelligence/src/Services/GscIntelligence/Application/Handlers/CreateContentProjectFromGscOpportunitiesHandler.php
SeoAuditRuleMatcher.php	addons/seo/src/Services/SeoAuditRuleMatcher.php
AiProvidersExtensionProvider.php	addons/ai-prompt/src/Extension/Builtin/AiProviders/AiProvidersExtensionProvider.php
ContentProjectOpsReplayService.php	addons/content-projects/src/Services/ContentProject/Operations/ContentProjectOpsReplayService.php
ContentProjectItemDashboardBucket.php	addons/content-projects/src/Enums/ContentProjectItemDashboardBucket.php
PromptHookPromotionGate.php	addons/ai-prompt/src/PromptHooks/Runtime/PromptHookPromotionGate.php
ApproveTopicalMapCommand.php	addons/search-intelligence/src/Services/KeywordIntelligence/Application/Commands/ApproveTopicalMapCommand.php
AgentWorkspaceApplicationService.php	addons/agent/src/Services/AgentWorkspace/AgentWorkspaceApplicationService.php
RunAgentEvaluationJob.php	addons/agent/src/Jobs/RunAgentEvaluationJob.php
PromptHookFailure.php	addons/ai-prompt/src/PromptHooks/Exceptions/PromptHookFailure.php
SerpResultClassifier.php	addons/search-intelligence/src/Services/SerpIntelligence/SerpResultClassifier.php
KeywordSearchIntent.php	addons/search-intelligence/src/Enums/KeywordIntelligence/KeywordSearchIntent.php
CtaQuickTemplates.php	addons/seo/src/Support/CtaQuickTemplates.php
ArchiveSerpQueriesCommand.php	addons/search-intelligence/src/Services/SerpIntelligence/Application/Commands/ArchiveSerpQueriesCommand.php
AnchorTextAuditWorkspace.php	addons/search-intelligence/src/Filament/Resources/KeywordResource/Pages/AnchorTextAuditWorkspace.php
ArticleEditorLinksPayloadService.php	addons/content/src/Services/ArticleEditorLinksPayloadService.php
PreviewContentProjectFromTopicalMapCommand.php	addons/search-intelligence/src/Services/KeywordIntelligence/Application/Commands/PreviewContentProjectFromTopicalMapCommand.php
AutomationGraphSnapshot.php	addons/agent/src/Automation/BusinessHook/Support/AutomationGraphSnapshot.php
SeoAgentExecution.php	addons/agent/src/Models/AgentWorkspace/SeoAgentExecution.php
ReconcileSiteSyncCommand.php	addons/site-sync/src/Console/ReconcileSiteSyncCommand.php;addons/site-sync/src/Services/Application/Commands/ReconcileSiteSyncCommand.php
SeoScoringRulesRegistry.php	addons/seo/src/Support/SeoScoringRulesRegistry.php
InMemoryPromptBudgetStore.php	addons/ai-prompt/src/PromptHooks/Runtime/InMemoryPromptBudgetStore.php
SeoProjectRunItemClassifier.php	addons/content-projects/src/Support/SeoProjectRunItemClassifier.php
KeywordFunnelStage.php	addons/search-intelligence/src/Enums/KeywordIntelligence/KeywordFunnelStage.php
AgentModelGateway.php	addons/agent/src/Services/AgentWorkspace/Planning/Contracts/AgentModelGateway.php
SerpEvidenceApplyService.php	addons/search-intelligence/src/Services/SerpIntelligence/SerpEvidenceApplyService.php
SeoAgentFeedback.php	addons/agent/src/Models/AgentWorkspace/SeoAgentFeedback.php
StopProjectExecutionHandler.php	addons/content-projects/src/Services/ContentProject/Application/Handlers/StopProjectExecutionHandler.php
ProductGalleryReferenceImagePayload.php	addons/media/src/Support/ProductGallery/ProductGalleryReferenceImagePayload.php
DefaultAgentAutomationScheduleResolver.php	addons/agent/src/Services/AgentWorkspace/Automation/Services/DefaultAgentAutomationScheduleResolver.php
PublishProjectItemsNowHandler.php	addons/content-projects/src/Services/ContentProject/Application/Handlers/PublishProjectItemsNowHandler.php
AgentWorkspacePage.php	addons/agent/src/Filament/Pages/AgentWorkspacePage.php
ContentProjectActionResult.php	addons/content-projects/src/Services/ContentProject/Application/ContentProjectActionResult.php
AgentKnowledgeRepository.php	addons/agent/src/Services/AgentWorkspace/Knowledge/Contracts/AgentKnowledgeRepository.php
ExtensionCapabilityRegistry.php	addons/agent/src/Extension/Registry/ExtensionCapabilityRegistry.php
ImageOutputModePromptInjector.php	addons/ai-prompt/src/Services/ImageOutputModePromptInjector.php
SeoContentProjectItemGenerationReadState.php	addons/content-projects/src/Models/SeoContentProjectItemGenerationReadState.php
SeoAgentEvaluationRun.php	addons/agent/src/Models/AgentWorkspace/SeoAgentEvaluationRun.php
ContentProjectRunEngine.php	addons/content-projects/src/Services/RunEngine/ContentProjectRunEngine.php
SeoArticleHeading.php	addons/content/src/Models/SeoArticleHeading.php
AiExecutionService.php	addons/ai-prompt/src/Services/AiExecutionService.php
KeywordScoringService.php	addons/search-intelligence/src/Services/KeywordIntelligence/KeywordScoringService.php
ArchiveKeywordWorkspaceCommand.php	addons/search-intelligence/src/Services/KeywordIntelligence/Application/Commands/ArchiveKeywordWorkspaceCommand.php
ArticleInternalLinkSuggestionService.php	addons/content/src/Services/ArticleInternalLinkSuggestionService.php
AutomationCallerMigrator.php	addons/agent/src/Automation/Migration/AutomationCallerMigrator.php
SeoExtendedProviderConnectionService.php	addons/ai-prompt/src/Services/SeoExtendedProviderConnectionService.php
GscOpportunityStatus.php	addons/search-intelligence/src/Enums/Gsc/GscOpportunityStatus.php
SeoSettingsPrompt.php	addons/ai-prompt/src/Filament/Pages/SeoSettingsPrompt.php
ProductReviewsMigrateLegacyMetaCommand.php	addons/search-foundation/src/Console/ProductReviewsMigrateLegacyMetaCommand.php
ArticleLastSavedTimestampService.php	addons/content/src/Services/ArticleLastSavedTimestampService.php
KeywordCannibalizationIssueType.php	addons/search-intelligence/src/Enums/KeywordIntelligence/KeywordCannibalizationIssueType.php
ContentProjectAgentPlanLock.php	addons/content-projects/src/Services/ContentProject/Agent/Planner/ContentProjectAgentPlanLock.php
TypographyComplexity.php	addons/content/src/Support/TypographyComplexity.php
SiteDomainPromptContextService.php	addons/ai-prompt/src/Services/SiteDomainPromptContextService.php
ArticleScheduleReconcileService.php	addons/publishing/src/Services/ArticleScheduleReconcileService.php
PromptHookLocalePolicy.php	addons/ai-prompt/src/PromptHooks/Canonical/PromptHookLocalePolicy.php
WordPressSlugFixRequiredException.php	addons/wordpress/src/Services/WordPressSlugFixRequiredException.php
AutomationModuleRegistry.php	addons/agent/src/Automation/Platform/AutomationModuleRegistry.php
ArticleWordPressProductReviewsController.php	addons/wordpress/src/Http/Controllers/ArticleWordPressProductReviewsController.php
SiteSyncOwnershipResolver.php	addons/site-sync/src/Services/Ownership/SiteSyncOwnershipResolver.php
ProductGallerySource.php	addons/media/src/Support/ProductGallery/ProductGallerySource.php
LinkAuditCacheService.php	addons/seo/src/Services/LinkAuditCacheService.php
ArchiveGscPropertyCommand.php	addons/search-intelligence/src/Services/GscIntelligence/Application/Commands/ArchiveGscPropertyCommand.php
SeoProjectWorkflowStepCatalogContract.php	addons/seo/src/Contracts/SeoProjectWorkflowStepCatalogContract.php
SerpContentGapStatus.php	addons/search-intelligence/src/Enums/Serp/SerpContentGapStatus.php
AgentPlanningEvaluator.php	addons/agent/src/Services/AgentWorkspace/Observability/Evaluation/AgentPlanningEvaluator.php
SeoAgentKnowledgeItem.php	addons/agent/src/Models/AgentWorkspace/SeoAgentKnowledgeItem.php
InstallBuiltinAgentEvaluationsCommand.php	addons/agent/src/Console/InstallBuiltinAgentEvaluationsCommand.php
HealthCheckDefinition.php	addons/agent/src/Automation/Platform/Data/HealthCheckDefinition.php
AutomationSettingsRegistry.php	addons/agent/src/Automation/Platform/Registry/AutomationSettingsRegistry.php
AbstractGscIntelligenceHandler.php	addons/search-intelligence/src/Services/GscIntelligence/Application/Handlers/AbstractGscIntelligenceHandler.php
ArticleEditorDocumentSchema.php	addons/content/src/Services/ArticleEditor/Document/ArticleEditorDocumentSchema.php
GscSyncOperationService.php	addons/search-intelligence/src/Services/GscIntelligence/GscSyncOperationService.php
SeoProjectRunItemStatus.php	addons/content-projects/src/Enums/SeoProjectRunItemStatus.php
FaqHeadingMatcher.php	addons/seo/src/Support/FaqHeadingMatcher.php
WordPressSiteInfoService.php	addons/wordpress/src/Services/WordPressSiteInfoService.php
ImportGscPerformanceDataCommand.php	addons/search-intelligence/src/Services/GscIntelligence/Application/Commands/ImportGscPerformanceDataCommand.php
ArticleContentFaqService.php	addons/content/src/Services/ArticleContentFaqService.php
PromptHookHttpStatus.php	addons/ai-prompt/src/PromptHooks/Support/PromptHookHttpStatus.php
CtaContactUsability.php	addons/seo/src/Support/CtaContactUsability.php
SeoSiteManualLink.php	addons/site-sync/src/Models/SeoSiteManualLink.php
PublishingQueueRemoteReconcileService.php	addons/publishing/src/Services/Publishing/PublishingQueueRemoteReconcileService.php
SeoProjectRunConsolidationService.php	addons/content-projects/src/Services/SeoProjectRunConsolidationService.php
ContentProjectOperation.php	addons/content-projects/src/Models/ContentProjectOperation.php
UpdateContentProjectItemHandler.php	addons/content-projects/src/Services/ContentProject/Application/Handlers/UpdateContentProjectItemHandler.php
ContentProjectTenantGuard.php	addons/content-projects/src/Services/ContentProject/Application/Support/ContentProjectTenantGuard.php
AutomationSettings.php	addons/agent/src/Filament/Pages/AutomationSettings.php
ProductSpriteValidationResult.php	addons/media/src/Support/ProductGallery/ProductSpriteValidationResult.php
LinkSuggestionScoreScale.php	addons/seo/src/Support/LinkSuggestionScoreScale.php
ListSeoProjectRuns.php	addons/content-projects/src/Filament/Resources/SeoProjectResource/Pages/ListSeoProjectRuns.php
BusinessEvent.php	addons/agent/src/Automation/BusinessHook/Models/BusinessEvent.php
InlineLinkAnalysisResult.php	addons/seo/src/Support/InlineLinkAnalysisResult.php
SiteSyncInfrastructure.php	addons/site-sync/src/Services/Support/SiteSyncInfrastructure.php
LocalMediaWorkspaceCleaner.php	addons/content-projects/src/Services/ContentProject/Workspace/Cleaners/LocalMediaWorkspaceCleaner.php
ContentProjectExecutionStatus.php	addons/content-projects/src/Support/ContentProject/ContentProjectExecutionStatus.php
SeoServiceProvider.php	addons/seo/src/SeoServiceProvider.php
LocalSeoHealthDriver.php	addons/seo/src/Extension/Builtin/LocalSeo/LocalSeoHealthDriver.php
CreateTopicHandler.php	addons/search-intelligence/src/Services/KeywordIntelligence/Application/Handlers/CreateTopicHandler.php
ViewSeoProject.php	addons/content-projects/src/Filament/Resources/SeoProjectResource/Pages/ViewSeoProject.php
AgentSkillAvailability.php	addons/agent/src/Services/AgentWorkspace/Dtos/AgentSkillAvailability.php
ResolveGscOpportunityHandler.php	addons/search-intelligence/src/Services/GscIntelligence/Application/Handlers/ResolveGscOpportunityHandler.php
ContentProjectTaskExecutionService.php	addons/content-projects/src/Services/RunEngine/ContentProjectTaskExecutionService.php
UnauthorizedWordPressSideEffectException.php	addons/wordpress/src/Services/SideEffect/UnauthorizedWordPressSideEffectException.php
ArticleEditorSupplementalImagesService.php	addons/media/src/Services/ArticleEditorSupplementalImagesService.php
SyncPublishedArticleToWordPressCommand.php	addons/content-projects/src/Services/ContentProject/Application/Commands/SyncPublishedArticleToWordPressCommand.php
ProductReviewDelaySettings.php	addons/commerce/src/Services/ProductReview/ProductReviewDelaySettings.php
ContentProjectAgentPlan.php	addons/content-projects/src/Models/ContentProjectAgentPlan.php
TopicalMapConflictDetector.php	addons/search-intelligence/src/Services/KeywordIntelligence/TopicalMapConflictDetector.php
UpdateTopicCommand.php	addons/search-intelligence/src/Services/KeywordIntelligence/Application/Commands/UpdateTopicCommand.php
AutomationRuleAction.php	addons/agent/src/Automation/BusinessHook/Models/AutomationRuleAction.php
SendToPublishingQueueCommand.php	addons/content-projects/src/Services/ContentProject/Application/Commands/SendToPublishingQueueCommand.php
FetchSerpPageEvidenceCommand.php	addons/search-intelligence/src/Services/SerpIntelligence/Application/Commands/FetchSerpPageEvidenceCommand.php
ResumeGscPropertyHandler.php	addons/search-intelligence/src/Services/GscIntelligence/Application/Handlers/ResumeGscPropertyHandler.php
AgentKnowledgeConflictResult.php	addons/agent/src/Services/AgentWorkspace/Knowledge/Data/AgentKnowledgeConflictResult.php
UpdateContentProjectCommand.php	addons/content-projects/src/Services/ContentProject/Application/Commands/UpdateContentProjectCommand.php
ProductGallerySelectionService.php	addons/commerce/src/Services/ProductGallery/ProductGallerySelectionService.php
ImagickPixelColor.php	addons/seo/src/Support/ImagickPixelColor.php
ExecuteSiteSyncRepairCommand.php	addons/site-sync/src/Services/Application/Commands/ExecuteSiteSyncRepairCommand.php
AnalyzeSerpSnapshotCommand.php	addons/search-intelligence/src/Services/SerpIntelligence/Application/Commands/AnalyzeSerpSnapshotCommand.php
AutomationConcurrencyGuard.php	addons/agent/src/Automation/BusinessHook/Support/AutomationConcurrencyGuard.php
PromptRunException.php	addons/ai-prompt/src/Exceptions/PromptRunException.php
ArticleEditorBootstrapSizer.php	addons/content/src/Support/ArticleEditorBootstrapSizer.php
AgentAutomationApprovalTokenService.php	addons/agent/src/Services/AgentWorkspace/Automation/Services/AgentAutomationApprovalTokenService.php
PublishResult.php	addons/publishing/src/Application/Publishing/PublishResult.php
ArticleEditorReadinessService.php	addons/content/src/Services/ArticleEditorReadinessService.php
ContentProjectDomainEvents.php	addons/content-projects/src/Services/ContentProject/Application/Events/ContentProjectDomainEvents.php
ContentProjectReviewRequested.php	addons/content-projects/src/Services/ContentProject/Application/Events/ContentProjectReviewRequested.php
WordPressAutomationModuleProvider.php	addons/agent/src/Automation/Modules/WordPress/WordPressAutomationModuleProvider.php
ArticlePublishRequested.php	addons/content-projects/src/Services/ContentProject/Application/Events/ArticlePublishRequested.php
PublishingOperationalNotificationPublisher.php	addons/seo/src/Services/Notifications/Publishers/PublishingOperationalNotificationPublisher.php
PromptLoaiSanPhamVariable.php	addons/ai-prompt/src/Support/PromptLoaiSanPhamVariable.php
AutomationActionRegistry.php	addons/agent/src/Automation/BusinessHook/Registry/AutomationActionRegistry.php
CreateContentProjectFromTopicalMapHandler.php	addons/search-intelligence/src/Services/KeywordIntelligence/Application/Handlers/CreateContentProjectFromTopicalMapHandler.php
GeminiImageModelCatalog.php	addons/media/src/Support/GeminiImageModelCatalog.php
AutomationExecution.php	addons/agent/src/Automation/BusinessHook/Models/AutomationExecution.php
AgentModelRouter.php	addons/agent/src/Services/AgentWorkspace/Planning/Contracts/AgentModelRouter.php
GscFactHashService.php	addons/search-intelligence/src/Services/GscIntelligence/GscFactHashService.php
AgentAutomationLevel.php	addons/content-projects/src/Services/ContentProject/Agent/Planner/AgentAutomationLevel.php
KeywordIntelligenceSkills.php	addons/agent/src/Services/AgentWorkspace/Skills/KeywordIntelligenceSkills.php
SaveTopicalMapVersionCommand.php	addons/search-intelligence/src/Services/KeywordIntelligence/Application/Commands/SaveTopicalMapVersionCommand.php
ReanalyzeSerpPageEvidenceCommand.php	addons/search-intelligence/src/Services/SerpIntelligence/Application/Commands/ReanalyzeSerpPageEvidenceCommand.php
ReanalyzeSerpPageEvidenceHandler.php	addons/search-intelligence/src/Services/SerpIntelligence/Application/Handlers/ReanalyzeSerpPageEvidenceHandler.php
ArticleContentConflictException.php	addons/agent/src/Automation/Actions/Article/ArticleContentConflictException.php
SeoWpMediaEditedPendingService.php	addons/media/src/Services/SeoWpMediaEditedPendingService.php
PublishingQueueScheduledDefinition.php	addons/publishing/src/Support/PublishingQueue/PublishingQueueScheduledDefinition.php
SerpRankProviderInterface.php	addons/seo/src/Contracts/SerpRankProviderInterface.php
ArticleEditorDocumentErrorCode.php	addons/content/src/Support/ArticleEditorDocumentErrorCode.php
AgentAutomationUpdateRequest.php	addons/agent/src/Services/AgentWorkspace/Automation/Data/AgentAutomationUpdateRequest.php
RunCancellationGuard.php	addons/content-projects/src/Services/RunEngine/RunCancellationGuard.php
ProcessScheduledProjectItemPublishHandler.php	addons/content-projects/src/Services/ContentProject/Application/Handlers/ProcessScheduledProjectItemPublishHandler.php
ContentProjectArticleRunner.php	addons/content-projects/src/Services/RunEngine/ContentProjectArticleRunner.php
AgentKnowledgeCitationPresenter.php	addons/agent/src/Services/AgentWorkspace/Knowledge/Services/AgentKnowledgeCitationPresenter.php
RenderingPreference.php	addons/seo/src/Support/RenderingPreference.php
SerpIntentEvidenceService.php	addons/search-intelligence/src/Services/SerpIntelligence/SerpIntentEvidenceService.php
WordpressSyncLeaseWatchdogCommand.php	addons/wordpress/src/Console/WordpressSyncLeaseWatchdogCommand.php
SiteSyncBootstrapService.php	addons/site-sync/src/Services/Bootstrap/SiteSyncBootstrapService.php
MoveProjectItemScheduleHandler.php	addons/content-projects/src/Services/ContentProject/Application/Handlers/MoveProjectItemScheduleHandler.php
SeoGeneratedImage.php	addons/media/src/Models/SeoGeneratedImage.php
AgentExecutionContextUpdater.php	addons/agent/src/Services/AgentWorkspace/Execution/AgentExecutionContextUpdater.php
WordPressMediaWatermarkService.php	addons/wordpress/src/Services/WordPressMediaWatermarkService.php
PackSkills.php	addons/agent/src/Services/AgentWorkspace/Skills/PackSkills.php
AgentPlanStatus.php	addons/content-projects/src/Services/ContentProject/Agent/Planner/AgentPlanStatus.php
SeoDatabaseRequestBootstrap.php	addons/seo/src/Support/SeoDatabaseRequestBootstrap.php
SeoKeywordCannibalizationIssue.php	addons/search-intelligence/src/Models/KeywordIntelligence/SeoKeywordCannibalizationIssue.php
SeoTopicalLinkSuggestion.php	addons/search-intelligence/src/Models/KeywordIntelligence/SeoTopicalLinkSuggestion.php
ContentProjectActiveExecutionResolver.php	addons/content-projects/src/Services/ContentProject/ContentProjectActiveExecutionResolver.php
Prompt.php	addons/ai-prompt/src/Models/Prompt.php
HidesFilamentPageHeader.php	addons/seo/src/Filament/Concerns/HidesFilamentPageHeader.php
RejectSerpClusterEvidenceCommand.php	addons/search-intelligence/src/Services/SerpIntelligence/Application/Commands/RejectSerpClusterEvidenceCommand.php
ArticleEditorPersistService.php	addons/content/src/Services/ArticleEditorPersistService.php
ProductGalleryQuality.php	addons/media/src/Support/ProductGallery/ProductGalleryQuality.php
AgentSkillRecommendationService.php	addons/agent/src/Services/AgentWorkspace/AgentSkillRecommendationService.php
AutomationRuleVersionStatus.php	addons/agent/src/Automation/BusinessHook/Enums/AutomationRuleVersionStatus.php
AgentMemoryCandidateExtractor.php	addons/agent/src/Services/AgentWorkspace/Knowledge/Services/AgentMemoryCandidateExtractor.php
InternalAnchorKeywordFilter.php	addons/search-foundation/src/Support/InternalAnchorKeywordFilter.php
RunSingleKeywordRankCheckJob.php	addons/search-intelligence/src/Jobs/RunSingleKeywordRankCheckJob.php
CancelTopicalMapBuildCommand.php	addons/search-intelligence/src/Services/KeywordIntelligence/Application/Commands/CancelTopicalMapBuildCommand.php
GenerateSiteSyncDiagnosticCommand.php	addons/site-sync/src/Services/Application/Commands/GenerateSiteSyncDiagnosticCommand.php
WordPressConnectionNotificationPublisher.php	addons/seo/src/Services/Notifications/Publishers/WordPressConnectionNotificationPublisher.php
BackfillArticleFeaturedImageProjectionCommand.php	addons/media/src/Console/BackfillArticleFeaturedImageProjectionCommand.php
PromptHookRollbackPolicy.php	addons/ai-prompt/src/PromptHooks/Runtime/PromptHookRollbackPolicy.php
AutomationNodeExecution.php	addons/agent/src/Automation/BusinessHook/Models/AutomationNodeExecution.php
OperationalNotificationRecipientResolver.php	addons/seo/src/Services/Notifications/OperationalNotificationRecipientResolver.php
SerpSnapshotFreshnessStatus.php	addons/search-intelligence/src/Services/SerpIntelligence/Enums/SerpSnapshotFreshnessStatus.php
PromptRunnerService.php	addons/ai-prompt/src/Services/PromptRunnerService.php
ProductGalleryArtifactRole.php	addons/media/src/Support/ProductGallery/ProductGalleryArtifactRole.php
RepairGscDateRangeHandler.php	addons/search-intelligence/src/Services/GscIntelligence/Application/Handlers/RepairGscDateRangeHandler.php
DeleteArticleAiArtifactCommand.php	addons/content/src/Services/ArticleAiHistory/Application/Commands/DeleteArticleAiArtifactCommand.php
ActionRunner.php	addons/agent/src/Automation/Runtime/ActionRunner.php
AutomationOperationsDashboard.php	addons/search-foundation/src/Filament/Pages/AutomationOperationsDashboard.php
DelayHookAction.php	addons/agent/src/Automation/BusinessHook/Actions/DelayHookAction.php
ArticleWordPressSyncEligibility.php	addons/wordpress/src/Services/ArticleWordPressSyncEligibility.php
ManualAutomationDispatcher.php	addons/agent/src/Automation/BusinessHook/Services/ManualAutomationDispatcher.php
QueueMissingSeoScoresCommand.php	addons/site-sync/src/Services/Application/Commands/QueueMissingSeoScoresCommand.php
TeamChatNotificationService.php	addons/content/src/Services/TeamChatNotificationService.php
RequeueAllSeoScoresCommand.php	addons/site-sync/src/Services/Application/Commands/RequeueAllSeoScoresCommand.php
MergeKeywordClustersCommand.php	addons/search-intelligence/src/Services/KeywordIntelligence/Application/Commands/MergeKeywordClustersCommand.php
SeoPromptPart.php	addons/ai-prompt/src/Models/SeoPromptPart.php
AgentPlanStepType.php	addons/content-projects/src/Services/ContentProject/Agent/Planner/AgentPlanStepType.php
PromptHookTemplateRenderer.php	addons/ai-prompt/src/PromptHooks/PromptHookTemplateRenderer.php
ContentProjectSummaryDto.php	addons/content-projects/src/Services/ContentProject/Application/Dtos/ContentProjectSummaryDto.php
AgentSkillDefinition.php	addons/agent/src/Services/AgentWorkspace/Dtos/AgentSkillDefinition.php
ArticleAccessDenied.php	addons/content/src/Filament/Resources/ArticleResource/Pages/ArticleAccessDenied.php
ListArticles.php	addons/content/src/Filament/Resources/ArticleResource/Pages/ListArticles.php
ArticleAiHistoryArtifactRef.php	addons/content/src/Services/ArticleAiHistory/ArticleAiHistoryArtifactRef.php
MissingRequiredSection.php	addons/ai-prompt/src/PromptHooks/Exceptions/MissingRequiredSection.php
WorkflowStepCancelledException.php	addons/seo/src/Exceptions/WorkflowStepCancelledException.php
WordPressFaqSyncService.php	addons/wordpress/src/Services/WordPressFaqSyncService.php
PromptCostEstimator.php	addons/ai-prompt/src/PromptHooks/Provider/PromptCostEstimator.php
AgentErrorPresentation.php	addons/agent/src/Services/AgentWorkspace/AgentErrorPresentation.php
WorkflowExecutionSnapshotBuilder.php	addons/content-projects/src/Services/WorkflowRoles/WorkflowExecutionSnapshotBuilder.php
TagResource.php	addons/content/src/Filament/Resources/TagResource.php
AutomationRuleVisibility.php	addons/agent/src/Automation/BusinessHook/Enums/AutomationRuleVisibility.php
GoogleSearchConsoleSyncService.php	addons/search-intelligence/src/Services/GoogleSearchConsoleSyncService.php
SeoAuthenticate.php	addons/seo/src/Http/Middleware/SeoAuthenticate.php
AgentWorkspaceVersion.php	addons/agent/src/Services/AgentWorkspace/AgentWorkspaceVersion.php
ExitSiteSyncShadowModeCommand.php	addons/site-sync/src/Services/Application/Commands/ExitSiteSyncShadowModeCommand.php
PromptHookExecutionContext.php	addons/ai-prompt/src/PromptHooks/Data/PromptHookExecutionContext.php
OutlineArticleWritingSourceProvider.php	addons/content/src/Services/ArticleWriting/OutlineArticleWritingSourceProvider.php
BuiltinChatTemplateCatalog.php	addons/agent/src/Services/AgentWorkspace/Templates/BuiltinChatTemplateCatalog.php
GscPropertyStatus.php	addons/search-intelligence/src/Enums/Gsc/GscPropertyStatus.php
SeoMedia.php	addons/media/src/Models/SeoMedia.php
InteractsWithSeoFilamentFormSaveActions.php	addons/seo/src/Filament/Concerns/InteractsWithSeoFilamentFormSaveActions.php
SeoSerpPageEvidence.php	addons/search-intelligence/src/Models/SeoSerpPageEvidence.php
SiteMcpProductCatIdentity.php	addons/search-foundation/src/Services/SiteMcp/SiteMcpProductCatIdentity.php
ApplySerpIntentSuggestionHandler.php	addons/search-intelligence/src/Services/SerpIntelligence/Application/Handlers/ApplySerpIntentSuggestionHandler.php
TopicalMapBuilder.php	addons/search-intelligence/src/Services/KeywordIntelligence/TopicalMapBuilder.php
SeoEditProfile.php	addons/seo/src/Filament/Pages/Auth/SeoEditProfile.php
SeoAgentAutomationRun.php	addons/agent/src/Models/AgentWorkspace/SeoAgentAutomationRun.php
PreviewCreateContentProjectFromGscOpportunitiesHandler.php	addons/search-intelligence/src/Services/GscIntelligence/Application/Handlers/PreviewCreateContentProjectFromGscOpportunitiesHandler.php
GenerationStuckNotificationPublisher.php	addons/seo/src/Services/Notifications/Publishers/GenerationStuckNotificationPublisher.php
WordPressWriteReadinessGuard.php	addons/wordpress/src/Services/WordPressWriteReadinessGuard.php
SeoMigrationReconciler.php	addons/seo/src/Support/SeoMigrationReconciler.php
KeywordAnalysisStatus.php	addons/search-intelligence/src/Enums/KeywordIntelligence/KeywordAnalysisStatus.php
SeoSerpFeature.php	addons/search-intelligence/src/Models/SeoSerpFeature.php
AgentConversationSummary.php	addons/agent/src/Services/AgentWorkspace/Planning/Data/AgentConversationSummary.php
ContentProjectGenerationCapabilityResolver.php	addons/content-projects/src/Services/ContentProject/ContentProjectGenerationCapabilityResolver.php
LegacyGscRootEditRedirect.php	addons/ai-prompt/src/Filament/Resources/AiConnectionResource/Pages/LegacyGscRootEditRedirect.php
SeoSiteSyncCutoverState.php	addons/site-sync/src/Models/SeoSiteSyncCutoverState.php
ValidateSiteSyncHandshakeCommand.php	addons/site-sync/src/Services/Application/Commands/ValidateSiteSyncHandshakeCommand.php
SeoProviderDriver.php	addons/seo/src/Extension/Contracts/SeoProviderDriver.php
WordPressCommentReviewPublisher.php	addons/commerce/src/Services/ProductReview/WordPressCommentReviewPublisher.php
ParityCompareResult.php	addons/agent/src/Automation/Migration/ParityCompareResult.php
ContentProjectsServiceProvider.php	addons/content-projects/src/ContentProjectsServiceProvider.php
SerpIntentReconciliationCode.php	addons/search-intelligence/src/Services/SerpIntelligence/Enums/SerpIntentReconciliationCode.php
SerpQueryStatus.php	addons/search-intelligence/src/Enums/Serp/SerpQueryStatus.php
ExcelFormulaEscaper.php	addons/seo/src/Support/ExcelFormulaEscaper.php
SystemDateTime.php	addons/content/src/Support/SystemDateTime.php
ArticleContentSeoBonusService.php	addons/seo/src/Services/ArticleContentSeoBonusService.php
RunIncrementalDomainSyncJob.php	addons/site-sync/src/Jobs/RunIncrementalDomainSyncJob.php
ArticleAiHistoryLegacyClassifier.php	addons/content/src/Services/ArticleAiHistory/ArticleAiHistoryLegacyClassifier.php
ArticleFaqBodySyncService.php	addons/content/src/Services/ArticleFaqBodySyncService.php
RebuildGscAggregatesCommand.php	addons/search-intelligence/src/Services/GscIntelligence/Application/Commands/RebuildGscAggregatesCommand.php
TeamMessageController.php	addons/seo/src/Http/Controllers/TeamMessageController.php
DomainCtaEditorService.php	addons/seo/src/Services/DomainCtaEditorService.php
AutomationParityLogger.php	addons/agent/src/Automation/Migration/AutomationParityLogger.php
ArticleReviewActionController.php	addons/content/src/Http/Controllers/ArticleReviewActionController.php
SyncKeywordDomainLinkListHookAction.php	addons/agent/src/Automation/BusinessHook/Actions/SyncKeywordDomainLinkListHookAction.php
AgentAutomationLockService.php	addons/agent/src/Services/AgentWorkspace/Automation/Services/AgentAutomationLockService.php
ProductReviewPublishIntent.php	addons/commerce/src/Enums/ProductReviewPublishIntent.php
ResumeSiteSyncCommand.php	addons/site-sync/src/Services/Application/Commands/ResumeSiteSyncCommand.php
CancelKeywordAnalysisCommand.php	addons/search-intelligence/src/Services/KeywordIntelligence/Application/Commands/CancelKeywordAnalysisCommand.php
KeywordRankCheckRun.php	addons/search-intelligence/src/Models/KeywordRankCheckRun.php
ArticleWordPressSyncFlagService.php	addons/wordpress/src/Services/ArticleWordPressSyncFlagService.php
AgentContextBudgetManager.php	addons/agent/src/Services/AgentWorkspace/Planning/Services/AgentContextBudgetManager.php
SeoAgentPackSkill.php	addons/agent/src/Models/AgentWorkspace/SeoAgentPackSkill.php
ContentProjectCanonicalPlanValidator.php	addons/content-projects/src/Services/ContentProject/Agent/Planner/ContentProjectCanonicalPlanValidator.php
PromptHookRuntimeEngine.php	addons/ai-prompt/src/PromptHooks/Runtime/PromptHookRuntimeEngine.php
SeoGscMasterConnection.php	addons/search-intelligence/src/Models/SeoGscMasterConnection.php
AcceptSerpContentGapCommand.php	addons/search-intelligence/src/Services/SerpIntelligence/Application/Commands/AcceptSerpContentGapCommand.php
GoogleSearchConsoleDomainMatcherService.php	addons/search-intelligence/src/Services/GoogleSearchConsoleDomainMatcherService.php
AgentWorkspaceContextService.php	addons/agent/src/Services/AgentWorkspace/AgentWorkspaceContextService.php
ProviderTimeout.php	addons/ai-prompt/src/PromptHooks/Exceptions/ProviderTimeout.php
ArticleMeta.php	addons/content/src/Models/ArticleMeta.php
GscIntelligenceActionCodes.php	addons/search-intelligence/src/Services/GscIntelligence/Application/GscIntelligenceActionCodes.php
AutomationWorkflowViewerPayload.php	addons/agent/src/Automation/Presentation/Workflow/AutomationWorkflowViewerPayload.php
CollectSerpSnapshotsHandler.php	addons/search-intelligence/src/Services/SerpIntelligence/Application/Handlers/CollectSerpSnapshotsHandler.php
ProjectTaskCallerBridge.php	addons/agent/src/Automation/Migration/ProjectTaskCallerBridge.php
CreateGscPropertyHandler.php	addons/search-intelligence/src/Services/GscIntelligence/Application/Handlers/CreateGscPropertyHandler.php
ImageCapabilityResolver.php	addons/media/src/Support/ImageCapabilityResolver.php
SeoSerpQuery.php	addons/search-intelligence/src/Models/SeoSerpQuery.php
ArticleEditorSavePatchService.php	addons/content/src/Services/ArticleEditorSavePatchService.php
SeoProjectRunItemKind.php	addons/content-projects/src/Enums/SeoProjectRunItemKind.php
EditArticle.php	addons/content/src/Filament/Resources/ArticleResource/Pages/EditArticle.php
AgentPackStateService.php	addons/agent/src/Services/AgentWorkspace/Packs/AgentPackStateService.php
NotificationSendHookAction.php	addons/agent/src/Automation/BusinessHook/Actions/NotificationSendHookAction.php
SeoAgentTrace.php	addons/agent/src/Models/AgentWorkspace/SeoAgentTrace.php
AgentAutomationQuotaService.php	addons/agent/src/Services/AgentWorkspace/Automation/Services/AgentAutomationQuotaService.php
SeoProjectRun.php	addons/content-projects/src/Models/SeoProjectRun.php
GscKeywordWorkspaceQueryPreviewService.php	addons/search-intelligence/src/Services/GscIntelligence/GscKeywordWorkspaceQueryPreviewService.php
AgentAutomationRunContext.php	addons/agent/src/Services/AgentWorkspace/Automation/Data/AgentAutomationRunContext.php
ContentProjectCounterAuditService.php	addons/content-projects/src/Services/ContentProject/ContentProjectCounterAuditService.php
ProjectItemsRelationManager.php	addons/content-projects/src/Filament/Resources/SeoProjectResource/RelationManagers/ProjectItemsRelationManager.php
DiagnoseContentProjectSyncCommand.php	addons/site-sync/src/Console/DiagnoseContentProjectSyncCommand.php
RankMathSeoValueNormalizer.php	addons/search-intelligence/src/Support/RankMathSeoValueNormalizer.php
PromptHookPreviousOutputsGuard.php	addons/ai-prompt/src/PromptHooks/Runtime/PromptHookPreviousOutputsGuard.php
MoveKeywordsToClusterHandler.php	addons/search-intelligence/src/Services/KeywordIntelligence/Application/Handlers/MoveKeywordsToClusterHandler.php
KeywordSyncIsolation.php	addons/search-foundation/src/Support/KeywordSyncIsolation.php
PostPublishWordPressPostReconciler.php	addons/publishing/src/Services/Publishing/PostPublishWordPressPostReconciler.php
RunProductGalleryParentChildJob.php	addons/media/src/Jobs/RunProductGalleryParentChildJob.php
SeoArticleQualityAssessmentService.php	addons/seo/src/Services/SeoArticleQualityAssessmentService.php
SerpDomainClassifier.php	addons/search-intelligence/src/Services/SerpIntelligence/SerpDomainClassifier.php
DomainLinkListKeywordSyncService.php	addons/search-foundation/src/Services/DomainLinkListKeywordSyncService.php
PipelineResolver.php	addons/agent/src/Extension/Resolvers/PipelineResolver.php
WorkflowArtifactType.php	addons/content-projects/src/Enums/WorkflowArtifactType.php
BackfillContentProjectRunItemsCommand.php	addons/content-projects/src/Console/BackfillContentProjectRunItemsCommand.php
SeoProviderRegistry.php	addons/search-intelligence/src/Services/SeoProviderRegistry.php;addons/seo/src/Extension/Registry/SeoProviderRegistry.php
BelongsToAdminAutomationPanel.php	addons/seo/src/Filament/Concerns/BelongsToAdminAutomationPanel.php
AgentEvaluateCommand.php	addons/agent/src/Console/AgentEvaluateCommand.php
SeoKeywordArticleMapping.php	addons/search-intelligence/src/Models/KeywordIntelligence/SeoKeywordArticleMapping.php
SeoSettingsWorkflows.php	addons/seo/src/Filament/Pages/SeoSettingsWorkflows.php
AutomationActionHandler.php	addons/agent/src/Automation/BusinessHook/Contracts/AutomationActionHandler.php
MemberListPresenter.php	addons/agent/src/Services/AgentWorkspace/Execution/Presentation/MemberListPresenter.php
AddSerpFeatureKeywordsCommand.php	addons/search-intelligence/src/Services/SerpIntelligence/Application/Commands/AddSerpFeatureKeywordsCommand.php
ProjectRunIdempotencyKeyGenerator.php	addons/content-projects/src/Support/ProjectRunIdempotencyKeyGenerator.php
MediaProcessorRegistry.php	addons/media/src/Extension/Registry/MediaProcessorRegistry.php
PromptHookCallerBridge.php	addons/ai-prompt/src/PromptHooks/Runtime/PromptHookCallerBridge.php
GscProviderResolver.php	addons/search-intelligence/src/Services/GscIntelligence/GscProviderResolver.php
SeoAnalyzerService.php	addons/seo/src/Services/SeoAnalyzerService.php
ApplyArticleContentArtifactCommand.php	addons/content/src/Services/ArticleAiHistory/Application/Commands/ApplyArticleContentArtifactCommand.php
AutomationWorkflowBuilder.php	addons/agent/src/Filament/Pages/AutomationWorkflowBuilder.php
ImageProcessingPage.php	addons/media/src/Filament/Pages/ImageProcessingPage.php
CommentSeedingOutputParser.php	addons/seo/src/Support/CommentSeedingOutputParser.php
ProductGalleryParentChildAiPort.php	addons/seo/src/Contracts/ProductGalleryParentChildAiPort.php
ProductGalleryGenerationMode.php	addons/media/src/Support/ProductGallery/ProductGalleryGenerationMode.php
ContentProjectFailedOpsDefinition.php	addons/content-projects/src/Support/ContentProject/ContentProjectFailedOpsDefinition.php
DefaultAgentConversationSummarizer.php	addons/agent/src/Services/AgentWorkspace/Planning/Services/DefaultAgentConversationSummarizer.php
ImageRoutingExecutionPolicy.php	addons/media/src/Support/ImageRoutingExecutionPolicy.php
SerpCompetitorSummaryService.php	addons/search-intelligence/src/Services/SerpIntelligence/SerpCompetitorSummaryService.php
AutomationExecutionStatus.php	addons/agent/src/Automation/BusinessHook/Enums/AutomationExecutionStatus.php
SeoPanelRedirectController.php	addons/seo/src/Http/Controllers/SeoPanelRedirectController.php
AiModelCategory.php	addons/seo/src/Support/AiModelCategory.php
ContentProjectFailureTypeMapper.php	addons/content-projects/src/Support/ContentProject/ContentProjectFailureTypeMapper.php
GscPageMappingType.php	addons/search-intelligence/src/Enums/Gsc/GscPageMappingType.php
SeoWatermarkOverlayStorage.php	addons/media/src/Services/SeoWatermarkOverlayStorage.php
SeoSuggestionUrlNormalizer.php	addons/seo/src/Support/SeoSuggestionUrlNormalizer.php
SeoTeam.php	addons/search-foundation/src/Filament/Pages/SeoTeam.php
GscSearchAnalyticsRequest.php	addons/search-intelligence/src/Services/GscIntelligence/Data/GscSearchAnalyticsRequest.php
AutomationActionContext.php	addons/agent/src/Automation/BusinessHook/Data/AutomationActionContext.php
ContentProjectApiController.php	addons/content-projects/src/Http/Controllers/Api/V1/ContentProjectApiController.php
KeywordFocusAttach.php	addons/search-intelligence/src/Support/KeywordFocusAttach.php
SiteSyncCutoverCommandHandler.php	addons/site-sync/src/Services/Application/Handlers/SiteSyncCutoverCommandHandler.php
SeoDatabaseBackupService.php	addons/search-foundation/src/Services/SeoDatabaseBackupService.php
ArticlePostTypeResolver.php	addons/content/src/Support/ArticlePostTypeResolver.php
SpriteValidationResult.php	addons/media/src/Support/ProductGallery/SpriteValidationResult.php
ContentProjectArticleMembership.php	addons/content-projects/src/Services/ContentProject/ContentProjectArticleMembership.php
SeoSettingsAiAdvanced.php	addons/ai-prompt/src/Filament/Pages/SeoSettingsAiAdvanced.php
SeoGscProperty.php	addons/search-intelligence/src/Models/SeoGscProperty.php
AgentSkillInputResolver.php	addons/agent/src/Services/AgentWorkspace/AgentSkillInputResolver.php
ApiConnectionProviders.php	addons/ai-prompt/src/Support/ApiConnectionProviders.php
SeoWpBridgeController.php	addons/wordpress/src/Http/Controllers/Api/SeoWpBridgeController.php
PreviewContentProjectFromClustersCommand.php	addons/search-intelligence/src/Services/KeywordIntelligence/Application/Commands/PreviewContentProjectFromClustersCommand.php
AutomationRule.php	addons/agent/src/Automation/BusinessHook/Models/AutomationRule.php
KeywordSource.php	addons/search-intelligence/src/Enums/KeywordIntelligence/KeywordSource.php
ProductGalleryPromptsDoctorService.php	addons/commerce/src/Services/ProductGallery/ProductGalleryPromptsDoctorService.php
UnscheduleProjectItemsHandler.php	addons/content-projects/src/Services/ContentProject/Application/Handlers/UnscheduleProjectItemsHandler.php
SerpClusterValidationAction.php	addons/search-intelligence/src/Services/SerpIntelligence/Enums/SerpClusterValidationAction.php
AgentPolicyViolationDetector.php	addons/agent/src/Services/AgentWorkspace/Observability/AgentPolicyViolationDetector.php
AgentProposedIntent.php	addons/agent/src/Services/AgentWorkspace/Planning/Data/AgentProposedIntent.php
SeoMigrationPath.php	addons/seo/src/Support/SeoMigrationPath.php
AutomationLoopGuard.php	addons/agent/src/Automation/BusinessHook/Support/AutomationLoopGuard.php
ProductSpriteValidator.php	addons/commerce/src/Services/ProductGallery/ProductSpriteValidator.php
ProjectArticleContentCallerBridge.php	addons/agent/src/Automation/Migration/ProjectArticleContentCallerBridge.php
ArticleEditorDocumentBackfillCommand.php	addons/content/src/Console/ArticleEditorDocumentBackfillCommand.php
EditSeoProject.php	addons/content-projects/src/Filament/Resources/SeoProjectResource/Pages/EditSeoProject.php
ArticleSeoPreviewController.php	addons/content/src/Http/Controllers/ArticleSeoPreviewController.php
KeywordGroupMetricType.php	addons/search-foundation/src/Enums/KeywordGroupMetricType.php
PromptHookModeTransitionPolicy.php	addons/ai-prompt/src/PromptHooks/Runtime/PromptHookModeTransitionPolicy.php
ArticlePublishRetryScheduled.php	addons/content-projects/src/Services/ContentProject/Application/Events/ArticlePublishRetryScheduled.php
PromptOutputContractResolver.php	addons/ai-prompt/src/PromptHooks/Contracts/PromptOutputContractResolver.php
ArticlePipelineRerunService.php	addons/content-projects/src/Services/ArticlePipelineRerunService.php
AgentPackImportExportService.php	addons/agent/src/Services/AgentWorkspace/Packs/AgentPackImportExportService.php
InvalidOutput.php	addons/ai-prompt/src/PromptHooks/Exceptions/InvalidOutput.php
StartReviewCommand.php	addons/content-projects/src/Services/ContentProject/Application/Commands/StartReviewCommand.php
ImageOptimizationSettings.php	addons/media/src/Filament/Pages/ImageOptimizationSettings.php
WpPluginReleaseWidget.php	addons/wordpress/src/Filament/Widgets/WpPluginReleaseWidget.php
ExtensionHealthService.php	addons/agent/src/Extension/ExtensionHealthService.php
SampleAutomationModuleProvider.php	addons/agent/src/Automation/Modules/Sample/SampleAutomationModuleProvider.php
KeywordReviewReason.php	addons/search-intelligence/src/Models/KeywordReviewReason.php
ContentProjectStatusDecision.php	addons/content-projects/src/Support/ContentProject/ContentProjectStatusDecision.php
RuleBasedContentProjectPlanGenerator.php	addons/content-projects/src/Services/ContentProject/Agent/Planner/RuleBasedContentProjectPlanGenerator.php
ContentProjectAgentPolicy.php	addons/content-projects/src/Services/ContentProject/Agent/ContentProjectAgentPolicy.php
ProductGalleryReferenceChildValidator.php	addons/commerce/src/Services/ProductGallery/ProductGalleryReferenceChildValidator.php
SeoSettingsMenu.php	addons/seo/src/Support/SeoSettingsMenu.php
KeywordSerpIntentReconciler.php	addons/search-intelligence/src/Services/SerpIntelligence/KeywordSerpIntentReconciler.php
PublishingQueueStateClassifier.php	addons/publishing/src/Support/PublishingQueue/PublishingQueueStateClassifier.php
SeoProjectTaskEvent.php	addons/content-projects/src/Models/SeoProjectTaskEvent.php
KeywordCannibalizationWorkspace.php	addons/search-intelligence/src/Filament/Resources/KeywordResource/Pages/KeywordCannibalizationWorkspace.php
AutomationQueueName.php	addons/agent/src/Automation/BusinessHook/Enums/AutomationQueueName.php
AgentPackCache.php	addons/agent/src/Services/AgentWorkspace/Packs/AgentPackCache.php
UpdateContentProjectHandler.php	addons/content-projects/src/Services/ContentProject/Application/Handlers/UpdateContentProjectHandler.php
SeoArticleObserver.php	addons/content/src/Observers/SeoArticleObserver.php
KeywordClusterContentActionResolver.php	addons/search-intelligence/src/Services/KeywordIntelligence/KeywordClusterContentActionResolver.php
ImageContentSignature.php	addons/media/src/Support/ImageContentSignature.php
KeywordExistingContentMapper.php	addons/search-intelligence/src/Services/KeywordIntelligence/KeywordExistingContentMapper.php
PromptHookRuntimeLocaleResolver.php	addons/ai-prompt/src/PromptHooks/Runtime/PromptHookRuntimeLocaleResolver.php
SeoKeywordContentProjectLink.php	addons/search-intelligence/src/Models/KeywordIntelligence/SeoKeywordContentProjectLink.php
CommerceOwnership.php	addons/commerce/src/CommerceOwnership.php
GeminiProductGalleryParentChildAiAdapter.php	addons/commerce/src/Services/ProductGallery/GeminiProductGalleryParentChildAiAdapter.php
ListTasks.php	addons/content-projects/src/Filament/Resources/TaskResource/Pages/ListTasks.php
LegacyProjectRunItemMapper.php	addons/content-projects/src/Support/LegacyProjectRunItemMapper.php
DailyReportPresenter.php	addons/agent/src/Services/AgentWorkspace/Execution/Presentation/DailyReportPresenter.php
ContentProjectPublishingQueueService.php	addons/content-projects/src/Services/ContentProject/ContentProjectPublishingQueueService.php
DiscoverSiteContactsCommand.php	addons/site-sync/src/Services/Application/Commands/DiscoverSiteContactsCommand.php
AutomationSubjectLoader.php	addons/agent/src/Automation/BusinessHook/Support/AutomationSubjectLoader.php
KeywordTopicalMapVersionStatus.php	addons/search-intelligence/src/Enums/KeywordIntelligence/KeywordTopicalMapVersionStatus.php
SeoSiteLinkExclusion.php	addons/site-sync/src/Models/SeoSiteLinkExclusion.php
ArchiveContentProjectHandler.php	addons/content-projects/src/Services/ContentProject/Application/Handlers/ArchiveContentProjectHandler.php
SeoPerformanceHubService.php	addons/search-intelligence/src/Services/SeoPerformanceHubService.php
PromptSiteContextVariable.php	addons/ai-prompt/src/Support/PromptSiteContextVariable.php
DeleteEmptyTopicHandler.php	addons/search-intelligence/src/Services/KeywordIntelligence/Application/Handlers/DeleteEmptyTopicHandler.php
PromptMarkdownParser.php	addons/ai-prompt/src/Support/PromptMarkdownParser.php
ClearDomainArticlesService.php	addons/content/src/Services/ClearDomainArticlesService.php
ArticleAiHistoryPendingDraftStore.php	addons/content/src/Services/ArticleAiHistory/ArticleAiHistoryPendingDraftStore.php
ImageToolType.php	addons/media/src/Support/ImageToolType.php
ActionDefinition.php	addons/agent/src/Automation/Data/ActionDefinition.php
AutomationMigrationWriteException.php	addons/agent/src/Automation/Migration/AutomationMigrationWriteException.php
SeoPanelPage.php	addons/seo/src/Filament/Pages/SeoPanelPage.php
KeywordNearDuplicateDetector.php	addons/search-intelligence/src/Services/KeywordIntelligence/KeywordNearDuplicateDetector.php
PublishOperationKeyFactory.php	addons/publishing/src/Application/Publishing/PublishOperationKeyFactory.php
PublishingQueueStuckPublishingDefinition.php	addons/publishing/src/Support/PublishingQueue/PublishingQueueStuckPublishingDefinition.php
CreateContentProjectFromKeywordClustersHandler.php	addons/search-intelligence/src/Services/KeywordIntelligence/Application/Handlers/CreateContentProjectFromKeywordClustersHandler.php
InMemoryPromptHookBudgetGuard.php	addons/ai-prompt/src/PromptHooks/Runtime/InMemoryPromptHookBudgetGuard.php
GoogleSearchConsoleBulkSyncService.php	addons/search-intelligence/src/Services/GoogleSearchConsoleBulkSyncService.php
KeywordRankComparisonService.php	addons/search-intelligence/src/Services/KeywordRankComparisonService.php
AgentPackConstants.php	addons/agent/src/Services/AgentWorkspace/Packs/AgentPackConstants.php
RepairContentProjectActiveExecutionsCommand.php	addons/content-projects/src/Console/RepairContentProjectActiveExecutionsCommand.php
RestoreContentProjectHandler.php	addons/content-projects/src/Services/ContentProject/Application/Handlers/RestoreContentProjectHandler.php
ApplySerpContentActionSuggestionCommand.php	addons/search-intelligence/src/Services/SerpIntelligence/Application/Commands/ApplySerpContentActionSuggestionCommand.php
AutomationActionCode.php	addons/agent/src/Automation/BusinessHook/Enums/AutomationActionCode.php
SeoAgentKnowledgeChunk.php	addons/agent/src/Models/AgentWorkspace/SeoAgentKnowledgeChunk.php
SeoRankKeywordGroupService.php	addons/search-intelligence/src/Services/SeoRankKeywordGroupService.php
AgentPlanningValidationResult.php	addons/agent/src/Services/AgentWorkspace/Planning/Data/AgentPlanningValidationResult.php
ArticleOutlineController.php	addons/content/src/Http/Controllers/ArticleOutlineController.php
AnalyzeKeywordWorkspaceHandler.php	addons/search-intelligence/src/Services/KeywordIntelligence/Application/Handlers/AnalyzeKeywordWorkspaceHandler.php
IncrementalDomainSyncRunner.php	addons/search-intelligence/src/Services/IncrementalDomainSyncRunner.php
GoogleAiModelRegistry.php	addons/seo/src/Support/GoogleAiModelRegistry.php
HeadingDuplicateCheckerService.php	addons/seo/src/Services/HeadingDuplicateCheckerService.php
SeoGscSyncRun.php	addons/search-intelligence/src/Models/SeoGscSyncRun.php
GenerateProjectItemsCommand.php	addons/content-projects/src/Services/ContentProject/Application/Commands/GenerateProjectItemsCommand.php
ParitySnapshotNormalizer.php	addons/agent/src/Automation/Migration/ParitySnapshotNormalizer.php
SerpSnapshotFreshnessService.php	addons/search-intelligence/src/Services/SerpIntelligence/SerpSnapshotFreshnessService.php
NormalizeArticleInlineLinksCommand.php	addons/content/src/Console/NormalizeArticleInlineLinksCommand.php
PromptProviderAdapter.php	addons/ai-prompt/src/PromptHooks/Provider/PromptProviderAdapter.php
CapabilityManifestData.php	addons/site-sync/src/Services/Contracts/CapabilityManifestData.php
SeoProjectWorkflowStepRetryService.php	addons/content-projects/src/Services/SeoProjectWorkflowStepRetryService.php
AgentKnowledgeItemData.php	addons/agent/src/Services/AgentWorkspace/Knowledge/Data/AgentKnowledgeItemData.php
CoreAutomationModuleProvider.php	addons/agent/src/Automation/Modules/Core/CoreAutomationModuleProvider.php
PromptHookExecuteRequest.php	addons/ai-prompt/src/Http/Requests/PromptHookExecuteRequest.php
AgentExecutionStateMachine.php	addons/agent/src/Services/AgentWorkspace/Execution/AgentExecutionStateMachine.php
AgentConversationSummarizer.php	addons/agent/src/Services/AgentWorkspace/Planning/Contracts/AgentConversationSummarizer.php
InteractsWithContentProjectPublishingActions.php	addons/content-projects/src/Filament/Resources/SeoProjectResource/Concerns/InteractsWithContentProjectPublishingActions.php
AiTextRequest.php	addons/ai-prompt/src/Extension/Contracts/Ai/AiTextRequest.php
CommentReviewPayloadParser.php	addons/wordpress/src/Support/CommentReviewPayloadParser.php
UnmapGscQueryHandler.php	addons/search-intelligence/src/Services/GscIntelligence/Application/Handlers/UnmapGscQueryHandler.php
SyncProductReviewsToWordPressHookAction.php	addons/agent/src/Automation/BusinessHook/Actions/SyncProductReviewsToWordPressHookAction.php
ArticleEditorSeoMetaService.php	addons/content/src/Services/ArticleEditorSeoMetaService.php
ContentProjectCommandHandler.php	addons/content-projects/src/Services/ContentProject/Application/Contracts/ContentProjectCommandHandler.php
AutomationStaleRecoveryService.php	addons/agent/src/Automation/BusinessHook/Services/AutomationStaleRecoveryService.php
ArticleWritingExecutionResult.php	addons/content/src/Support/ArticleWritingExecutionResult.php
GscOpportunityType.php	addons/search-intelligence/src/Enums/Gsc/GscOpportunityType.php
ContentProjectItemExecutionState.php	addons/content-projects/src/Enums/ContentProjectItemExecutionState.php
KeywordCannibalizationRiskLevel.php	addons/search-intelligence/src/Enums/KeywordIntelligence/KeywordCannibalizationRiskLevel.php
CancelGscSyncHandler.php	addons/search-intelligence/src/Services/GscIntelligence/Application/Handlers/CancelGscSyncHandler.php
PromptProviderUsageNormalizer.php	addons/ai-prompt/src/PromptHooks/Provider/PromptProviderUsageNormalizer.php
SeoLinkMapLinkTypeClassifier.php	addons/seo/src/Support/SeoLinkMapLinkTypeClassifier.php
HookDisabled.php	addons/ai-prompt/src/PromptHooks/Exceptions/HookDisabled.php
PromptVariableSync.php	addons/ai-prompt/src/Support/PromptVariableSync.php
PromptHookParityReportCommand.php	addons/ai-prompt/src/Console/PromptHookParityReportCommand.php
PromptHookRuntimeSettingsResolver.php	addons/ai-prompt/src/PromptHooks/Runtime/PromptHookRuntimeSettingsResolver.php
ContentProjectItemOperationsReadModel.php	addons/content-projects/src/Services/ContentProject/ContentProjectItemOperationsReadModel.php
PromptHookDefinitionLoader.php	addons/ai-prompt/src/PromptHooks/Runtime/PromptHookDefinitionLoader.php
PromptHookInputSchema.php	addons/ai-prompt/src/PromptHooks/Canonical/PromptHookInputSchema.php
PostPublishWordPressSyncEligibility.php	addons/publishing/src/Services/Publishing/PostPublishWordPressSyncEligibility.php
QueuePendingProductReviewsHookAction.php	addons/agent/src/Automation/BusinessHook/Actions/QueuePendingProductReviewsHookAction.php
SeoContentArchiveItem.php	addons/content-projects/src/Models/SeoContentArchiveItem.php
ContentProjectExistingArticlePickerService.php	addons/content-projects/src/Services/ContentProject/ContentProjectExistingArticlePickerService.php
CancelKeywordAnalysisHandler.php	addons/search-intelligence/src/Services/KeywordIntelligence/Application/Handlers/CancelKeywordAnalysisHandler.php
CreateContentProjectCommand.php	addons/content-projects/src/Services/ContentProject/Application/Commands/CreateContentProjectCommand.php
AuditListPresenter.php	addons/agent/src/Services/AgentWorkspace/Execution/Presentation/AuditListPresenter.php
SeoArticleReview.php	addons/content/src/Models/SeoArticleReview.php
SeoDateTimeSettingsService.php	addons/seo/src/Services/SeoDateTimeSettingsService.php
ImagenProviderErrorClassifier.php	addons/media/src/Support/ImagenProviderErrorClassifier.php
PublishingQueueItemDto.php	addons/content-projects/src/Services/ContentProject/Application/Dtos/PublishingQueueItemDto.php
SeoProjectRunItemMergeService.php	addons/content-projects/src/Services/SeoProjectRunItemMergeService.php
AgentPlanDraft.php	addons/content-projects/src/Services/ContentProject/Agent/Planner/Dtos/AgentPlanDraft.php
SerpSamplingService.php	addons/search-intelligence/src/Services/SerpIntelligence/SerpSamplingService.php
MetadataDomainSyncRunner.php	addons/search-intelligence/src/Services/MetadataDomainSyncRunner.php
